/*
 Navicat Premium Data Transfer

 Source Server         : zengqiang
 Source Server Type    : MySQL
 Source Server Version : 80020
 Source Host           : localhost:3306
 Source Schema         : ssm_pro

 Target Server Type    : MySQL
 Target Server Version : 80020
 File Encoding         : 65001

 Date: 24/04/2021 23:30:40
*/

SET NAMES utf8mb4;
SET FOREIGN_KEY_CHECKS = 0;

-- ----------------------------
-- Table structure for t_dept
-- ----------------------------
DROP TABLE IF EXISTS `t_dept`;
CREATE TABLE `t_dept`  (
  `did` int NOT NULL AUTO_INCREMENT,
  `dname` varchar(255) CHARACTER SET utf8 COLLATE utf8_general_ci NULL DEFAULT NULL,
  PRIMARY KEY (`did`) USING BTREE
) ENGINE = InnoDB AUTO_INCREMENT = 4 CHARACTER SET = utf8 COLLATE = utf8_general_ci ROW_FORMAT = Dynamic;

-- ----------------------------
-- Records of t_dept
-- ----------------------------
INSERT INTO `t_dept` VALUES (1, '开发部');
INSERT INTO `t_dept` VALUES (2, '测试部');
INSERT INTO `t_dept` VALUES (3, '运维部');

-- ----------------------------
-- Table structure for t_emp
-- ----------------------------
DROP TABLE IF EXISTS `t_emp`;
CREATE TABLE `t_emp`  (
  `uid` int NOT NULL AUTO_INCREMENT,
  `username` varchar(255) CHARACTER SET utf8 COLLATE utf8_general_ci NULL DEFAULT NULL,
  `gender` char(1) CHARACTER SET utf8 COLLATE utf8_general_ci NULL DEFAULT NULL,
  `email` varchar(255) CHARACTER SET utf8 COLLATE utf8_general_ci NULL DEFAULT NULL,
  `did` int NULL DEFAULT NULL,
  PRIMARY KEY (`uid`) USING BTREE,
  INDEX `fk_did`(`did`) USING BTREE,
  CONSTRAINT `fk_did` FOREIGN KEY (`did`) REFERENCES `t_dept` (`did`) ON DELETE RESTRICT ON UPDATE RESTRICT,
  CONSTRAINT `fk_emp_uid` FOREIGN KEY (`uid`) REFERENCES `t_usr` (`uid`) ON DELETE RESTRICT ON UPDATE RESTRICT
) ENGINE = InnoDB AUTO_INCREMENT = 1014 CHARACTER SET = utf8 COLLATE = utf8_general_ci ROW_FORMAT = Dynamic;

-- ----------------------------
-- Records of t_emp
-- ----------------------------
INSERT INTO `t_emp` VALUES (1, '084a30', 'M', '222@qq.com', 1);
INSERT INTO `t_emp` VALUES (2, '7645d1', 'F', 'sss@qq.com', 2);
INSERT INTO `t_emp` VALUES (5, '9bae24', 'M', '9bae24@qq.com', 1);
INSERT INTO `t_emp` VALUES (6, 'c9fad5', 'M', 'c9fad5@qq.com', 1);
INSERT INTO `t_emp` VALUES (8, '2f1197', 'M', '2f1197@qq.com', 1);
INSERT INTO `t_emp` VALUES (9, '530328', 'M', '530328@qq.com', 1);
INSERT INTO `t_emp` VALUES (10, '0137d9', 'M', '0137d9@qq.com', 1);
INSERT INTO `t_emp` VALUES (11, '4d60710', 'M', '4d60710@qq.com', 1);
INSERT INTO `t_emp` VALUES (17, '279ea16', 'M', '279ea16@qq.com', 1);
INSERT INTO `t_emp` VALUES (18, '51c0917', 'M', '51c0917@qq.com', 1);
INSERT INTO `t_emp` VALUES (21, '5f54a20', 'M', '5f54a20@qq.com', 1);
INSERT INTO `t_emp` VALUES (22, '7f3bc21', 'M', '7f3bc21@qq.com', 1);
INSERT INTO `t_emp` VALUES (25, 'aa87224', 'M', 'aa87224@qq.com', 1);
INSERT INTO `t_emp` VALUES (26, '5cbbe25', 'M', '5cbbe25@qq.com', 1);
INSERT INTO `t_emp` VALUES (27, 'fe3c926', 'M', 'fe3c926@qq.com', 1);
INSERT INTO `t_emp` VALUES (28, '8c91127', 'M', '8c91127@qq.com', 1);
INSERT INTO `t_emp` VALUES (29, 'f018d28', 'M', 'f018d28@qq.com', 1);
INSERT INTO `t_emp` VALUES (30, 'bc55729', 'M', 'bc55729@qq.com', 1);
INSERT INTO `t_emp` VALUES (31, 'bb99d30', 'M', 'bb99d30@qq.com', 1);
INSERT INTO `t_emp` VALUES (32, '0baac31', 'M', '0baac31@qq.com', 1);
INSERT INTO `t_emp` VALUES (33, 'e73fe32', 'M', 'e73fe32@qq.com', 1);
INSERT INTO `t_emp` VALUES (34, 'fb33b33', 'M', 'fb33b33@qq.com', 1);
INSERT INTO `t_emp` VALUES (35, 'b2cc334', 'M', 'b2cc334@qq.com', 1);
INSERT INTO `t_emp` VALUES (36, 'ccc9535', 'M', 'ccc9535@qq.com', 1);
INSERT INTO `t_emp` VALUES (37, 'f99a736', 'M', 'f99a736@qq.com', 1);
INSERT INTO `t_emp` VALUES (38, '2dd2c37', 'M', '2dd2c37@qq.com', 1);
INSERT INTO `t_emp` VALUES (39, 'decee38', 'M', 'decee38@qq.com', 1);
INSERT INTO `t_emp` VALUES (40, '5d76739', 'M', '5d76739@qq.com', 1);
INSERT INTO `t_emp` VALUES (41, '35bf340', 'M', '35bf340@qq.com', 1);
INSERT INTO `t_emp` VALUES (42, '7a96341', 'M', '7a96341@qq.com', 1);
INSERT INTO `t_emp` VALUES (43, '3a92042', 'M', '3a92042@qq.com', 1);
INSERT INTO `t_emp` VALUES (44, '33ff843', 'M', '33ff843@qq.com', 1);
INSERT INTO `t_emp` VALUES (45, '5dd6b44', 'M', '5dd6b44@qq.com', 1);
INSERT INTO `t_emp` VALUES (46, 'd3a9245', 'M', 'd3a9245@qq.com', 1);
INSERT INTO `t_emp` VALUES (47, '88d2046', 'M', '88d2046@qq.com', 1);
INSERT INTO `t_emp` VALUES (48, 'a66a947', 'M', 'a66a947@qq.com', 1);
INSERT INTO `t_emp` VALUES (49, '8358d48', 'M', '8358d48@qq.com', 1);
INSERT INTO `t_emp` VALUES (50, '4fa6649', 'M', '4fa6649@qq.com', 1);
INSERT INTO `t_emp` VALUES (51, 'e1d8450', 'M', 'e1d8450@qq.com', 1);
INSERT INTO `t_emp` VALUES (52, '53dbb51', 'M', '53dbb51@qq.com', 1);
INSERT INTO `t_emp` VALUES (53, '8bcce52', 'M', '8bcce52@qq.com', 1);
INSERT INTO `t_emp` VALUES (54, '0c17553', 'M', '0c17553@qq.com', 1);
INSERT INTO `t_emp` VALUES (55, '9cd3a54', 'M', '9cd3a54@qq.com', 1);
INSERT INTO `t_emp` VALUES (56, 'e433f55', 'M', 'e433f55@qq.com', 1);
INSERT INTO `t_emp` VALUES (57, '38efc56', 'M', '38efc56@qq.com', 1);
INSERT INTO `t_emp` VALUES (58, 'a483157', 'M', 'a483157@qq.com', 1);
INSERT INTO `t_emp` VALUES (59, '3be8358', 'M', '3be8358@qq.com', 1);
INSERT INTO `t_emp` VALUES (60, '6acc159', 'M', '6acc159@qq.com', 1);
INSERT INTO `t_emp` VALUES (61, '42e3860', 'M', '42e3860@qq.com', 1);
INSERT INTO `t_emp` VALUES (62, 'cc09c61', 'M', 'cc09c61@qq.com', 1);
INSERT INTO `t_emp` VALUES (63, '777a862', 'M', '777a862@qq.com', 1);
INSERT INTO `t_emp` VALUES (64, 'c8c4163', 'M', 'c8c4163@qq.com', 1);
INSERT INTO `t_emp` VALUES (65, 'ff46964', 'M', 'ff46964@qq.com', 1);
INSERT INTO `t_emp` VALUES (66, '970f165', 'M', '970f165@qq.com', 1);
INSERT INTO `t_emp` VALUES (67, '68f3266', 'M', '68f3266@qq.com', 1);
INSERT INTO `t_emp` VALUES (68, '41dba67', 'M', '41dba67@qq.com', 1);
INSERT INTO `t_emp` VALUES (69, '3c8ae68', 'M', '3c8ae68@qq.com', 1);
INSERT INTO `t_emp` VALUES (70, '5c41969', 'M', '5c41969@qq.com', 1);
INSERT INTO `t_emp` VALUES (71, 'dc62d70', 'M', 'dc62d70@qq.com', 1);
INSERT INTO `t_emp` VALUES (72, '2e8dc71', 'M', '2e8dc71@qq.com', 1);
INSERT INTO `t_emp` VALUES (73, '0264f72', 'M', '0264f72@qq.com', 1);
INSERT INTO `t_emp` VALUES (74, '9387873', 'M', '9387873@qq.com', 1);
INSERT INTO `t_emp` VALUES (75, 'c718f74', 'M', 'c718f74@qq.com', 1);
INSERT INTO `t_emp` VALUES (76, 'eead475', 'M', 'eead475@qq.com', 1);
INSERT INTO `t_emp` VALUES (77, '7961d76', 'M', '7961d76@qq.com', 1);
INSERT INTO `t_emp` VALUES (78, '07df277', 'M', '07df277@qq.com', 1);
INSERT INTO `t_emp` VALUES (79, 'b3dd178', 'M', 'b3dd178@qq.com', 1);
INSERT INTO `t_emp` VALUES (80, '7977e79', 'M', '7977e79@qq.com', 1);
INSERT INTO `t_emp` VALUES (81, '3f8c780', 'M', '3f8c780@qq.com', 1);
INSERT INTO `t_emp` VALUES (82, '5b70681', 'M', '5b70681@qq.com', 1);
INSERT INTO `t_emp` VALUES (83, '3e08182', 'M', '3e08182@qq.com', 1);
INSERT INTO `t_emp` VALUES (84, '6c5de83', 'M', '6c5de83@qq.com', 1);
INSERT INTO `t_emp` VALUES (85, '5946c84', 'M', '5946c84@qq.com', 1);
INSERT INTO `t_emp` VALUES (86, '6158085', 'M', '6158085@qq.com', 1);
INSERT INTO `t_emp` VALUES (87, '1474486', 'M', '1474486@qq.com', 1);
INSERT INTO `t_emp` VALUES (88, 'c896887', 'M', 'c896887@qq.com', 1);
INSERT INTO `t_emp` VALUES (89, '77c8188', 'M', '77c8188@qq.com', 1);
INSERT INTO `t_emp` VALUES (90, '3b31889', 'M', '3b31889@qq.com', 1);
INSERT INTO `t_emp` VALUES (91, '17aa090', 'M', '17aa090@qq.com', 1);
INSERT INTO `t_emp` VALUES (92, 'cfc9491', 'M', 'cfc9491@qq.com', 1);
INSERT INTO `t_emp` VALUES (93, '3b54092', 'M', '3b54092@qq.com', 1);
INSERT INTO `t_emp` VALUES (94, 'e270893', 'M', 'e270893@qq.com', 1);
INSERT INTO `t_emp` VALUES (95, '96d6894', 'M', '96d6894@qq.com', 1);
INSERT INTO `t_emp` VALUES (96, '30b4095', 'M', '30b4095@qq.com', 1);
INSERT INTO `t_emp` VALUES (97, '4f0b596', 'M', '4f0b596@qq.com', 1);
INSERT INTO `t_emp` VALUES (98, 'e990797', 'M', 'e990797@qq.com', 1);
INSERT INTO `t_emp` VALUES (99, '76ac898', 'M', '76ac898@qq.com', 1);
INSERT INTO `t_emp` VALUES (100, '72d4699', 'M', '72d4699@qq.com', 1);
INSERT INTO `t_emp` VALUES (101, 'bd75a100', 'M', 'bd75a100@qq.com', 1);
INSERT INTO `t_emp` VALUES (102, 'b734c101', 'M', 'b734c101@qq.com', 1);
INSERT INTO `t_emp` VALUES (103, '4ded0102', 'M', '4ded0102@qq.com', 1);
INSERT INTO `t_emp` VALUES (104, '586e8103', 'M', '586e8103@qq.com', 1);
INSERT INTO `t_emp` VALUES (105, '81ead104', 'M', '81ead104@qq.com', 1);
INSERT INTO `t_emp` VALUES (106, '78ef9105', 'M', '78ef9105@qq.com', 1);
INSERT INTO `t_emp` VALUES (107, '05b38106', 'M', '05b38106@qq.com', 1);
INSERT INTO `t_emp` VALUES (108, 'f3573107', 'M', 'f3573107@qq.com', 1);
INSERT INTO `t_emp` VALUES (109, '1c0ee108', 'M', '1c0ee108@qq.com', 1);
INSERT INTO `t_emp` VALUES (110, '8ed70109', 'M', '8ed70109@qq.com', 1);
INSERT INTO `t_emp` VALUES (111, '6c4b3110', 'M', '6c4b3110@qq.com', 1);
INSERT INTO `t_emp` VALUES (112, '61005111', 'M', '61005111@qq.com', 1);
INSERT INTO `t_emp` VALUES (113, '098aa112', 'M', '098aa112@qq.com', 1);
INSERT INTO `t_emp` VALUES (114, 'dd457113', 'M', 'dd457113@qq.com', 1);
INSERT INTO `t_emp` VALUES (115, '698d2114', 'M', '698d2114@qq.com', 1);
INSERT INTO `t_emp` VALUES (116, '1da2a115', 'M', '1da2a115@qq.com', 1);
INSERT INTO `t_emp` VALUES (117, 'c2229116', 'M', 'c2229116@qq.com', 1);
INSERT INTO `t_emp` VALUES (118, '243d5117', 'M', '243d5117@qq.com', 1);
INSERT INTO `t_emp` VALUES (119, 'b7259118', 'M', 'b7259118@qq.com', 1);
INSERT INTO `t_emp` VALUES (120, 'bbd3d119', 'M', 'bbd3d119@qq.com', 1);
INSERT INTO `t_emp` VALUES (121, 'f69e6120', 'M', 'f69e6120@qq.com', 1);
INSERT INTO `t_emp` VALUES (122, '60705121', 'M', '60705121@qq.com', 1);
INSERT INTO `t_emp` VALUES (123, '5a7f9122', 'M', '5a7f9122@qq.com', 1);
INSERT INTO `t_emp` VALUES (124, 'bb5db123', 'M', 'bb5db123@qq.com', 1);
INSERT INTO `t_emp` VALUES (125, '8cb64124', 'M', '8cb64124@qq.com', 1);
INSERT INTO `t_emp` VALUES (126, '71d39125', 'M', '71d39125@qq.com', 1);
INSERT INTO `t_emp` VALUES (127, '76715126', 'M', '76715126@qq.com', 1);
INSERT INTO `t_emp` VALUES (128, '5b058127', 'M', '5b058127@qq.com', 1);
INSERT INTO `t_emp` VALUES (129, '11a31128', 'M', '11a31128@qq.com', 1);
INSERT INTO `t_emp` VALUES (130, '1701c129', 'M', '1701c129@qq.com', 1);
INSERT INTO `t_emp` VALUES (131, 'a6002130', 'M', 'a6002130@qq.com', 1);
INSERT INTO `t_emp` VALUES (132, '57ada131', 'M', '57ada131@qq.com', 1);
INSERT INTO `t_emp` VALUES (133, '81804132', 'M', '81804132@qq.com', 1);
INSERT INTO `t_emp` VALUES (134, '2af30133', 'M', '2af30133@qq.com', 1);
INSERT INTO `t_emp` VALUES (135, '2823c134', 'M', '2823c134@qq.com', 1);
INSERT INTO `t_emp` VALUES (136, '63e3a135', 'M', '63e3a135@qq.com', 1);
INSERT INTO `t_emp` VALUES (137, '769a4136', 'M', '769a4136@qq.com', 1);
INSERT INTO `t_emp` VALUES (138, 'a9102137', 'M', 'a9102137@qq.com', 1);
INSERT INTO `t_emp` VALUES (139, 'a0866138', 'M', 'a0866138@qq.com', 1);
INSERT INTO `t_emp` VALUES (140, '687f3139', 'M', '687f3139@qq.com', 1);
INSERT INTO `t_emp` VALUES (141, 'e4326140', 'M', 'e4326140@qq.com', 1);
INSERT INTO `t_emp` VALUES (142, '2f2c7141', 'M', '2f2c7141@qq.com', 1);
INSERT INTO `t_emp` VALUES (143, 'fda80142', 'M', 'fda80142@qq.com', 1);
INSERT INTO `t_emp` VALUES (144, '23130143', 'M', '23130143@qq.com', 1);
INSERT INTO `t_emp` VALUES (145, '07835144', 'M', '07835144@qq.com', 1);
INSERT INTO `t_emp` VALUES (146, '449c8145', 'M', '449c8145@qq.com', 1);
INSERT INTO `t_emp` VALUES (147, '57042146', 'M', '57042146@qq.com', 1);
INSERT INTO `t_emp` VALUES (148, 'e79fc147', 'M', 'e79fc147@qq.com', 1);
INSERT INTO `t_emp` VALUES (149, '957f6148', 'M', '957f6148@qq.com', 1);
INSERT INTO `t_emp` VALUES (150, 'b74fa149', 'M', 'b74fa149@qq.com', 1);
INSERT INTO `t_emp` VALUES (151, '05db6150', 'M', '05db6150@qq.com', 1);
INSERT INTO `t_emp` VALUES (152, '55d70151', 'M', '55d70151@qq.com', 1);
INSERT INTO `t_emp` VALUES (153, '652e5152', 'M', '652e5152@qq.com', 1);
INSERT INTO `t_emp` VALUES (154, '6d539153', 'M', '6d539153@qq.com', 1);
INSERT INTO `t_emp` VALUES (155, '5b94d154', 'M', '5b94d154@qq.com', 1);
INSERT INTO `t_emp` VALUES (156, '80eb4155', 'M', '80eb4155@qq.com', 1);
INSERT INTO `t_emp` VALUES (157, '2675c156', 'M', '2675c156@qq.com', 1);
INSERT INTO `t_emp` VALUES (158, '6d627157', 'M', '6d627157@qq.com', 1);
INSERT INTO `t_emp` VALUES (159, '60a3b158', 'M', '60a3b158@qq.com', 1);
INSERT INTO `t_emp` VALUES (160, 'a0504159', 'M', 'a0504159@qq.com', 1);
INSERT INTO `t_emp` VALUES (161, 'e724a160', 'M', 'e724a160@qq.com', 1);
INSERT INTO `t_emp` VALUES (162, '1735f161', 'M', '1735f161@qq.com', 1);
INSERT INTO `t_emp` VALUES (163, '14d61162', 'M', '14d61162@qq.com', 1);
INSERT INTO `t_emp` VALUES (164, '8bdd6163', 'M', '8bdd6163@qq.com', 1);
INSERT INTO `t_emp` VALUES (165, 'ecd7e164', 'M', 'ecd7e164@qq.com', 1);
INSERT INTO `t_emp` VALUES (166, 'd35eb165', 'M', 'd35eb165@qq.com', 1);
INSERT INTO `t_emp` VALUES (167, '3b1ea166', 'M', '3b1ea166@qq.com', 1);
INSERT INTO `t_emp` VALUES (168, 'e2514167', 'M', 'e2514167@qq.com', 1);
INSERT INTO `t_emp` VALUES (169, '14ddd168', 'M', '14ddd168@qq.com', 1);
INSERT INTO `t_emp` VALUES (170, '23265169', 'M', '23265169@qq.com', 1);
INSERT INTO `t_emp` VALUES (171, 'f2e1b170', 'M', 'f2e1b170@qq.com', 1);
INSERT INTO `t_emp` VALUES (172, '885f0171', 'M', '885f0171@qq.com', 1);
INSERT INTO `t_emp` VALUES (173, 'e06a9172', 'M', 'e06a9172@qq.com', 1);
INSERT INTO `t_emp` VALUES (174, '3526c173', 'M', '3526c173@qq.com', 1);
INSERT INTO `t_emp` VALUES (175, '82eca174', 'M', '82eca174@qq.com', 1);
INSERT INTO `t_emp` VALUES (176, 'f712c175', 'M', 'f712c175@qq.com', 1);
INSERT INTO `t_emp` VALUES (177, 'c2efe176', 'M', 'c2efe176@qq.com', 1);
INSERT INTO `t_emp` VALUES (178, 'cacf9177', 'M', 'cacf9177@qq.com', 1);
INSERT INTO `t_emp` VALUES (179, 'd5835178', 'M', 'd5835178@qq.com', 1);
INSERT INTO `t_emp` VALUES (180, 'c56fa179', 'M', 'c56fa179@qq.com', 1);
INSERT INTO `t_emp` VALUES (181, '42ae5180', 'M', '42ae5180@qq.com', 1);
INSERT INTO `t_emp` VALUES (182, 'a6877181', 'M', 'a6877181@qq.com', 1);
INSERT INTO `t_emp` VALUES (183, '7a5a0182', 'M', '7a5a0182@qq.com', 1);
INSERT INTO `t_emp` VALUES (184, '0c74e183', 'M', '0c74e183@qq.com', 1);
INSERT INTO `t_emp` VALUES (185, 'e02ff184', 'M', 'e02ff184@qq.com', 1);
INSERT INTO `t_emp` VALUES (186, '04123185', 'M', '04123185@qq.com', 1);
INSERT INTO `t_emp` VALUES (187, 'fd275186', 'M', 'fd275186@qq.com', 1);
INSERT INTO `t_emp` VALUES (188, '53332187', 'M', '53332187@qq.com', 1);
INSERT INTO `t_emp` VALUES (189, '7c779188', 'M', '7c779188@qq.com', 1);
INSERT INTO `t_emp` VALUES (190, '05382189', 'M', '05382189@qq.com', 1);
INSERT INTO `t_emp` VALUES (191, 'c5669190', 'M', 'c5669190@qq.com', 1);
INSERT INTO `t_emp` VALUES (192, '32377191', 'M', '32377191@qq.com', 1);
INSERT INTO `t_emp` VALUES (193, 'f4a80192', 'M', 'f4a80192@qq.com', 1);
INSERT INTO `t_emp` VALUES (194, 'dcfbd193', 'M', 'dcfbd193@qq.com', 1);
INSERT INTO `t_emp` VALUES (195, 'cbc37194', 'M', 'cbc37194@qq.com', 1);
INSERT INTO `t_emp` VALUES (196, '3f3d5195', 'M', '3f3d5195@qq.com', 1);
INSERT INTO `t_emp` VALUES (197, 'f73dd196', 'M', 'f73dd196@qq.com', 1);
INSERT INTO `t_emp` VALUES (198, '744f2197', 'M', '744f2197@qq.com', 1);
INSERT INTO `t_emp` VALUES (199, '337a4198', 'M', '337a4198@qq.com', 1);
INSERT INTO `t_emp` VALUES (200, '9b2a5199', 'M', '9b2a5199@qq.com', 1);
INSERT INTO `t_emp` VALUES (201, 'ffdd8200', 'M', 'ffdd8200@qq.com', 1);
INSERT INTO `t_emp` VALUES (202, 'f27df201', 'M', 'f27df201@qq.com', 1);
INSERT INTO `t_emp` VALUES (203, '31ead202', 'M', '31ead202@qq.com', 1);
INSERT INTO `t_emp` VALUES (204, '8fa7d203', 'M', '8fa7d203@qq.com', 1);
INSERT INTO `t_emp` VALUES (205, '2cf51204', 'M', '2cf51204@qq.com', 1);
INSERT INTO `t_emp` VALUES (206, '1dded205', 'M', '1dded205@qq.com', 1);
INSERT INTO `t_emp` VALUES (207, 'fd302206', 'M', 'fd302206@qq.com', 1);
INSERT INTO `t_emp` VALUES (208, 'bba60207', 'M', 'bba60207@qq.com', 1);
INSERT INTO `t_emp` VALUES (209, '83253208', 'M', '83253208@qq.com', 1);
INSERT INTO `t_emp` VALUES (210, 'd08da209', 'M', 'd08da209@qq.com', 1);
INSERT INTO `t_emp` VALUES (211, '9d7d4210', 'M', '9d7d4210@qq.com', 1);
INSERT INTO `t_emp` VALUES (212, '539e3211', 'M', '539e3211@qq.com', 1);
INSERT INTO `t_emp` VALUES (213, '896b0212', 'M', '896b0212@qq.com', 1);
INSERT INTO `t_emp` VALUES (214, '2cc48213', 'M', '2cc48213@qq.com', 1);
INSERT INTO `t_emp` VALUES (215, 'bdc77214', 'M', 'bdc77214@qq.com', 1);
INSERT INTO `t_emp` VALUES (216, '1c503215', 'M', '1c503215@qq.com', 1);
INSERT INTO `t_emp` VALUES (217, '03e7c216', 'M', '03e7c216@qq.com', 1);
INSERT INTO `t_emp` VALUES (218, 'f1b07217', 'M', 'f1b07217@qq.com', 1);
INSERT INTO `t_emp` VALUES (219, '0c848218', 'M', '0c848218@qq.com', 1);
INSERT INTO `t_emp` VALUES (220, 'd16ac219', 'M', 'd16ac219@qq.com', 1);
INSERT INTO `t_emp` VALUES (221, 'dfb02220', 'M', 'dfb02220@qq.com', 1);
INSERT INTO `t_emp` VALUES (222, '8feb6221', 'M', '8feb6221@qq.com', 1);
INSERT INTO `t_emp` VALUES (223, '88033222', 'M', '88033222@qq.com', 1);
INSERT INTO `t_emp` VALUES (224, 'ca6d1223', 'M', 'ca6d1223@qq.com', 1);
INSERT INTO `t_emp` VALUES (225, '82cca224', 'M', '82cca224@qq.com', 1);
INSERT INTO `t_emp` VALUES (226, 'd0860225', 'M', 'd0860225@qq.com', 1);
INSERT INTO `t_emp` VALUES (227, '4ef28226', 'M', '4ef28226@qq.com', 1);
INSERT INTO `t_emp` VALUES (228, 'f92c1227', 'M', 'f92c1227@qq.com', 1);
INSERT INTO `t_emp` VALUES (229, '446c5228', 'M', '446c5228@qq.com', 1);
INSERT INTO `t_emp` VALUES (230, 'acdde229', 'M', 'acdde229@qq.com', 1);
INSERT INTO `t_emp` VALUES (231, '19005230', 'M', '19005230@qq.com', 1);
INSERT INTO `t_emp` VALUES (232, '57fad231', 'M', '57fad231@qq.com', 1);
INSERT INTO `t_emp` VALUES (233, 'dfc49232', 'M', 'dfc49232@qq.com', 1);
INSERT INTO `t_emp` VALUES (234, '94d58233', 'M', '94d58233@qq.com', 1);
INSERT INTO `t_emp` VALUES (235, 'f8c7a234', 'M', 'f8c7a234@qq.com', 1);
INSERT INTO `t_emp` VALUES (236, '5df7e235', 'M', '5df7e235@qq.com', 1);
INSERT INTO `t_emp` VALUES (237, '37063236', 'M', '37063236@qq.com', 1);
INSERT INTO `t_emp` VALUES (238, 'bb3f7237', 'M', 'bb3f7237@qq.com', 1);
INSERT INTO `t_emp` VALUES (239, 'fefda238', 'M', 'fefda238@qq.com', 1);
INSERT INTO `t_emp` VALUES (240, '90493239', 'M', '90493239@qq.com', 1);
INSERT INTO `t_emp` VALUES (241, '64e2d240', 'M', '64e2d240@qq.com', 1);
INSERT INTO `t_emp` VALUES (242, 'ad9fd241', 'M', 'ad9fd241@qq.com', 1);
INSERT INTO `t_emp` VALUES (243, '63ffa242', 'M', '63ffa242@qq.com', 1);
INSERT INTO `t_emp` VALUES (244, '91ddd243', 'M', '91ddd243@qq.com', 1);
INSERT INTO `t_emp` VALUES (245, 'f7ad5244', 'M', 'f7ad5244@qq.com', 1);
INSERT INTO `t_emp` VALUES (246, 'd3616245', 'M', 'd3616245@qq.com', 1);
INSERT INTO `t_emp` VALUES (247, '9f155246', 'M', '9f155246@qq.com', 1);
INSERT INTO `t_emp` VALUES (248, 'a1b09247', 'M', 'a1b09247@qq.com', 1);
INSERT INTO `t_emp` VALUES (249, 'd436d248', 'M', 'd436d248@qq.com', 1);
INSERT INTO `t_emp` VALUES (250, 'ac6df249', 'M', 'ac6df249@qq.com', 1);
INSERT INTO `t_emp` VALUES (251, 'da23d250', 'M', 'da23d250@qq.com', 1);
INSERT INTO `t_emp` VALUES (252, 'ba587251', 'M', 'ba587251@qq.com', 1);
INSERT INTO `t_emp` VALUES (253, 'a7301252', 'M', 'a7301252@qq.com', 1);
INSERT INTO `t_emp` VALUES (254, '4bfc3253', 'M', '4bfc3253@qq.com', 1);
INSERT INTO `t_emp` VALUES (255, 'dfb44254', 'M', 'dfb44254@qq.com', 1);
INSERT INTO `t_emp` VALUES (256, 'cc056255', 'M', 'cc056255@qq.com', 1);
INSERT INTO `t_emp` VALUES (257, '54c83256', 'M', '54c83256@qq.com', 1);
INSERT INTO `t_emp` VALUES (258, '27822257', 'M', '27822257@qq.com', 1);
INSERT INTO `t_emp` VALUES (259, '04930258', 'M', '04930258@qq.com', 1);
INSERT INTO `t_emp` VALUES (260, '88305259', 'M', '88305259@qq.com', 1);
INSERT INTO `t_emp` VALUES (261, '29dd7260', 'M', '29dd7260@qq.com', 1);
INSERT INTO `t_emp` VALUES (262, '19b57261', 'M', '19b57261@qq.com', 1);
INSERT INTO `t_emp` VALUES (263, '89c75262', 'M', '89c75262@qq.com', 1);
INSERT INTO `t_emp` VALUES (264, 'f28bb263', 'M', 'f28bb263@qq.com', 1);
INSERT INTO `t_emp` VALUES (265, '1fe4b264', 'M', '1fe4b264@qq.com', 1);
INSERT INTO `t_emp` VALUES (266, '5f720265', 'M', '5f720265@qq.com', 1);
INSERT INTO `t_emp` VALUES (267, '1be85266', 'M', '1be85266@qq.com', 1);
INSERT INTO `t_emp` VALUES (268, '370b4267', 'M', '370b4267@qq.com', 1);
INSERT INTO `t_emp` VALUES (269, '537c0268', 'M', '537c0268@qq.com', 1);
INSERT INTO `t_emp` VALUES (270, 'ea850269', 'M', 'ea850269@qq.com', 1);
INSERT INTO `t_emp` VALUES (271, '97f6b270', 'M', '97f6b270@qq.com', 1);
INSERT INTO `t_emp` VALUES (272, '44f7f271', 'M', '44f7f271@qq.com', 1);
INSERT INTO `t_emp` VALUES (273, 'b5f89272', 'M', 'b5f89272@qq.com', 1);
INSERT INTO `t_emp` VALUES (274, '38735273', 'M', '38735273@qq.com', 1);
INSERT INTO `t_emp` VALUES (275, '0e2c0274', 'M', '0e2c0274@qq.com', 1);
INSERT INTO `t_emp` VALUES (276, 'bbd16275', 'M', 'bbd16275@qq.com', 1);
INSERT INTO `t_emp` VALUES (277, '5bde2276', 'M', '5bde2276@qq.com', 1);
INSERT INTO `t_emp` VALUES (278, '8a277277', 'M', '8a277277@qq.com', 1);
INSERT INTO `t_emp` VALUES (279, '6e8ea278', 'M', '6e8ea278@qq.com', 1);
INSERT INTO `t_emp` VALUES (280, '1c387279', 'M', '1c387279@qq.com', 1);
INSERT INTO `t_emp` VALUES (281, '38ea7280', 'M', '38ea7280@qq.com', 1);
INSERT INTO `t_emp` VALUES (282, 'cddc1281', 'M', 'cddc1281@qq.com', 1);
INSERT INTO `t_emp` VALUES (283, '922c2282', 'M', '922c2282@qq.com', 1);
INSERT INTO `t_emp` VALUES (284, '8da80283', 'M', '8da80283@qq.com', 1);
INSERT INTO `t_emp` VALUES (285, '10d0c284', 'M', '10d0c284@qq.com', 1);
INSERT INTO `t_emp` VALUES (286, '36966285', 'M', '36966285@qq.com', 1);
INSERT INTO `t_emp` VALUES (287, '060ab286', 'M', '060ab286@qq.com', 1);
INSERT INTO `t_emp` VALUES (288, '26075287', 'M', '26075287@qq.com', 1);
INSERT INTO `t_emp` VALUES (289, '843cc288', 'M', '843cc288@qq.com', 1);
INSERT INTO `t_emp` VALUES (290, '1ff9e289', 'M', '1ff9e289@qq.com', 1);
INSERT INTO `t_emp` VALUES (291, '7d295290', 'M', '7d295290@qq.com', 1);
INSERT INTO `t_emp` VALUES (292, 'd5fa3291', 'M', 'd5fa3291@qq.com', 1);
INSERT INTO `t_emp` VALUES (293, '298fe292', 'M', '298fe292@qq.com', 1);
INSERT INTO `t_emp` VALUES (294, '55a48293', 'M', '55a48293@qq.com', 1);
INSERT INTO `t_emp` VALUES (295, 'e402e294', 'M', 'e402e294@qq.com', 1);
INSERT INTO `t_emp` VALUES (296, '6ef14295', 'M', '6ef14295@qq.com', 1);
INSERT INTO `t_emp` VALUES (297, '8c427296', 'M', '8c427296@qq.com', 1);
INSERT INTO `t_emp` VALUES (298, '89e82297', 'M', '89e82297@qq.com', 1);
INSERT INTO `t_emp` VALUES (299, 'ec5f9298', 'M', 'ec5f9298@qq.com', 1);
INSERT INTO `t_emp` VALUES (300, 'e3c0a299', 'M', 'e3c0a299@qq.com', 1);
INSERT INTO `t_emp` VALUES (301, '9677b300', 'M', '9677b300@qq.com', 1);
INSERT INTO `t_emp` VALUES (302, '90644301', 'M', '90644301@qq.com', 1);
INSERT INTO `t_emp` VALUES (303, 'dd28c302', 'M', 'dd28c302@qq.com', 1);
INSERT INTO `t_emp` VALUES (304, '54498303', 'M', '54498303@qq.com', 1);
INSERT INTO `t_emp` VALUES (305, '4e491304', 'M', '4e491304@qq.com', 1);
INSERT INTO `t_emp` VALUES (306, 'c1d6c305', 'M', 'c1d6c305@qq.com', 1);
INSERT INTO `t_emp` VALUES (307, '4826b306', 'M', '4826b306@qq.com', 1);
INSERT INTO `t_emp` VALUES (308, '5a70e307', 'M', '5a70e307@qq.com', 1);
INSERT INTO `t_emp` VALUES (309, '5628f308', 'M', '5628f308@qq.com', 1);
INSERT INTO `t_emp` VALUES (310, 'f31c6309', 'M', 'f31c6309@qq.com', 1);
INSERT INTO `t_emp` VALUES (311, 'e88ca310', 'M', 'e88ca310@qq.com', 1);
INSERT INTO `t_emp` VALUES (312, '00304311', 'M', '00304311@qq.com', 1);
INSERT INTO `t_emp` VALUES (313, 'b614a312', 'M', 'b614a312@qq.com', 1);
INSERT INTO `t_emp` VALUES (314, '277cb313', 'M', '277cb313@qq.com', 1);
INSERT INTO `t_emp` VALUES (315, '63010314', 'M', '63010314@qq.com', 1);
INSERT INTO `t_emp` VALUES (316, '2dd09315', 'M', '2dd09315@qq.com', 1);
INSERT INTO `t_emp` VALUES (317, '1f33c316', 'M', '1f33c316@qq.com', 1);
INSERT INTO `t_emp` VALUES (318, '6fa3b317', 'M', '6fa3b317@qq.com', 1);
INSERT INTO `t_emp` VALUES (319, '6fdf0318', 'M', '6fdf0318@qq.com', 1);
INSERT INTO `t_emp` VALUES (320, 'f0c1a319', 'M', 'f0c1a319@qq.com', 1);
INSERT INTO `t_emp` VALUES (321, '6f560320', 'M', '6f560320@qq.com', 1);
INSERT INTO `t_emp` VALUES (322, 'd9c33321', 'M', 'd9c33321@qq.com', 1);
INSERT INTO `t_emp` VALUES (323, '73fd5322', 'M', '73fd5322@qq.com', 1);
INSERT INTO `t_emp` VALUES (324, 'cfa9e323', 'M', 'cfa9e323@qq.com', 1);
INSERT INTO `t_emp` VALUES (325, '4bfb5324', 'M', '4bfb5324@qq.com', 1);
INSERT INTO `t_emp` VALUES (326, '58398325', 'M', '58398325@qq.com', 1);
INSERT INTO `t_emp` VALUES (327, 'd6c9a326', 'M', 'd6c9a326@qq.com', 1);
INSERT INTO `t_emp` VALUES (328, '19955327', 'M', '19955327@qq.com', 1);
INSERT INTO `t_emp` VALUES (329, '52ac7328', 'M', '52ac7328@qq.com', 1);
INSERT INTO `t_emp` VALUES (330, '8d651329', 'M', '8d651329@qq.com', 1);
INSERT INTO `t_emp` VALUES (331, '250b8330', 'M', '250b8330@qq.com', 1);
INSERT INTO `t_emp` VALUES (332, '66ed7331', 'M', '66ed7331@qq.com', 1);
INSERT INTO `t_emp` VALUES (333, '4cae8332', 'M', '4cae8332@qq.com', 1);
INSERT INTO `t_emp` VALUES (334, '5500d333', 'M', '5500d333@qq.com', 1);
INSERT INTO `t_emp` VALUES (335, '4caaa334', 'M', '4caaa334@qq.com', 1);
INSERT INTO `t_emp` VALUES (336, 'd4405335', 'M', 'd4405335@qq.com', 1);
INSERT INTO `t_emp` VALUES (337, '0dc63336', 'M', '0dc63336@qq.com', 1);
INSERT INTO `t_emp` VALUES (338, '2c183337', 'M', '2c183337@qq.com', 1);
INSERT INTO `t_emp` VALUES (339, '5ca59338', 'M', '5ca59338@qq.com', 1);
INSERT INTO `t_emp` VALUES (340, 'd9db6339', 'M', 'd9db6339@qq.com', 1);
INSERT INTO `t_emp` VALUES (341, '71769340', 'M', '71769340@qq.com', 1);
INSERT INTO `t_emp` VALUES (342, '2a701341', 'M', '2a701341@qq.com', 1);
INSERT INTO `t_emp` VALUES (343, '71d05342', 'M', '71d05342@qq.com', 1);
INSERT INTO `t_emp` VALUES (344, '7b969343', 'M', '7b969343@qq.com', 1);
INSERT INTO `t_emp` VALUES (345, 'e6db9344', 'M', 'e6db9344@qq.com', 1);
INSERT INTO `t_emp` VALUES (346, 'b41d4345', 'M', 'b41d4345@qq.com', 1);
INSERT INTO `t_emp` VALUES (347, '4e3d8346', 'M', '4e3d8346@qq.com', 1);
INSERT INTO `t_emp` VALUES (348, 'c80ce347', 'M', 'c80ce347@qq.com', 1);
INSERT INTO `t_emp` VALUES (349, 'b198c348', 'M', 'b198c348@qq.com', 1);
INSERT INTO `t_emp` VALUES (350, 'd55b9349', 'M', 'd55b9349@qq.com', 1);
INSERT INTO `t_emp` VALUES (351, '9ec88350', 'M', '9ec88350@qq.com', 1);
INSERT INTO `t_emp` VALUES (352, '0d7bf351', 'M', '0d7bf351@qq.com', 1);
INSERT INTO `t_emp` VALUES (353, 'c95ed352', 'M', 'c95ed352@qq.com', 1);
INSERT INTO `t_emp` VALUES (354, '0faa3353', 'M', '0faa3353@qq.com', 1);
INSERT INTO `t_emp` VALUES (355, '34e3b354', 'M', '34e3b354@qq.com', 1);
INSERT INTO `t_emp` VALUES (356, 'aad36355', 'M', 'aad36355@qq.com', 1);
INSERT INTO `t_emp` VALUES (357, '77221356', 'M', '77221356@qq.com', 1);
INSERT INTO `t_emp` VALUES (358, '1b562357', 'M', '1b562357@qq.com', 1);
INSERT INTO `t_emp` VALUES (359, 'f1e5a358', 'M', 'f1e5a358@qq.com', 1);
INSERT INTO `t_emp` VALUES (360, 'd1446359', 'M', 'd1446359@qq.com', 1);
INSERT INTO `t_emp` VALUES (361, '0fb98360', 'M', '0fb98360@qq.com', 1);
INSERT INTO `t_emp` VALUES (362, '021cf361', 'M', '021cf361@qq.com', 1);
INSERT INTO `t_emp` VALUES (363, '7f2e4362', 'M', '7f2e4362@qq.com', 1);
INSERT INTO `t_emp` VALUES (364, 'be2a4363', 'M', 'be2a4363@qq.com', 1);
INSERT INTO `t_emp` VALUES (365, '1d955364', 'M', '1d955364@qq.com', 1);
INSERT INTO `t_emp` VALUES (366, 'b0114365', 'M', 'b0114365@qq.com', 1);
INSERT INTO `t_emp` VALUES (367, '9c0ed366', 'M', '9c0ed366@qq.com', 1);
INSERT INTO `t_emp` VALUES (368, '8618e367', 'M', '8618e367@qq.com', 1);
INSERT INTO `t_emp` VALUES (369, '77c79368', 'M', '77c79368@qq.com', 1);
INSERT INTO `t_emp` VALUES (370, '5faa1369', 'M', '5faa1369@qq.com', 1);
INSERT INTO `t_emp` VALUES (371, '431a7370', 'M', '431a7370@qq.com', 1);
INSERT INTO `t_emp` VALUES (372, '1dd6b371', 'M', '1dd6b371@qq.com', 1);
INSERT INTO `t_emp` VALUES (373, 'd5d78372', 'M', 'd5d78372@qq.com', 1);
INSERT INTO `t_emp` VALUES (374, '6692e373', 'M', '6692e373@qq.com', 1);
INSERT INTO `t_emp` VALUES (375, 'd77f0374', 'M', 'd77f0374@qq.com', 1);
INSERT INTO `t_emp` VALUES (376, 'ae567375', 'M', 'ae567375@qq.com', 1);
INSERT INTO `t_emp` VALUES (377, '772ee376', 'M', '772ee376@qq.com', 1);
INSERT INTO `t_emp` VALUES (378, '65fbb377', 'M', '65fbb377@qq.com', 1);
INSERT INTO `t_emp` VALUES (379, 'a2d51378', 'M', 'a2d51378@qq.com', 1);
INSERT INTO `t_emp` VALUES (380, '513f7379', 'M', '513f7379@qq.com', 1);
INSERT INTO `t_emp` VALUES (381, 'a1297380', 'M', 'a1297380@qq.com', 1);
INSERT INTO `t_emp` VALUES (382, '92418381', 'M', '92418381@qq.com', 1);
INSERT INTO `t_emp` VALUES (383, '3cce8382', 'M', '3cce8382@qq.com', 1);
INSERT INTO `t_emp` VALUES (384, 'c3682383', 'M', 'c3682383@qq.com', 1);
INSERT INTO `t_emp` VALUES (385, '266b2384', 'M', '266b2384@qq.com', 1);
INSERT INTO `t_emp` VALUES (386, '5acd7385', 'M', '5acd7385@qq.com', 1);
INSERT INTO `t_emp` VALUES (387, '36e89386', 'M', '36e89386@qq.com', 1);
INSERT INTO `t_emp` VALUES (388, '5a856387', 'M', '5a856387@qq.com', 1);
INSERT INTO `t_emp` VALUES (389, 'ed69a388', 'M', 'ed69a388@qq.com', 1);
INSERT INTO `t_emp` VALUES (390, 'e8ee8389', 'M', 'e8ee8389@qq.com', 1);
INSERT INTO `t_emp` VALUES (391, '49e32390', 'M', '49e32390@qq.com', 1);
INSERT INTO `t_emp` VALUES (392, '121b0391', 'M', '121b0391@qq.com', 1);
INSERT INTO `t_emp` VALUES (393, '45cf1392', 'M', '45cf1392@qq.com', 1);
INSERT INTO `t_emp` VALUES (394, '9bb25393', 'M', '9bb25393@qq.com', 1);
INSERT INTO `t_emp` VALUES (395, '3c9ef394', 'M', '3c9ef394@qq.com', 1);
INSERT INTO `t_emp` VALUES (396, 'cf798395', 'M', 'cf798395@qq.com', 1);
INSERT INTO `t_emp` VALUES (397, '55976396', 'M', '55976396@qq.com', 1);
INSERT INTO `t_emp` VALUES (398, '889ed397', 'M', '889ed397@qq.com', 1);
INSERT INTO `t_emp` VALUES (399, '0a109398', 'M', '0a109398@qq.com', 1);
INSERT INTO `t_emp` VALUES (400, '50bc3399', 'M', '50bc3399@qq.com', 1);
INSERT INTO `t_emp` VALUES (401, 'ea805400', 'M', 'ea805400@qq.com', 1);
INSERT INTO `t_emp` VALUES (402, '5d594401', 'M', '5d594401@qq.com', 1);
INSERT INTO `t_emp` VALUES (403, 'df095402', 'M', 'df095402@qq.com', 1);
INSERT INTO `t_emp` VALUES (404, '96576403', 'M', '96576403@qq.com', 1);
INSERT INTO `t_emp` VALUES (405, '46288404', 'M', '46288404@qq.com', 1);
INSERT INTO `t_emp` VALUES (406, '98e92405', 'M', '98e92405@qq.com', 1);
INSERT INTO `t_emp` VALUES (407, '1adbb406', 'M', '1adbb406@qq.com', 1);
INSERT INTO `t_emp` VALUES (408, '82c54407', 'M', '82c54407@qq.com', 1);
INSERT INTO `t_emp` VALUES (409, '0d921408', 'M', '0d921408@qq.com', 1);
INSERT INTO `t_emp` VALUES (410, '25be7409', 'M', '25be7409@qq.com', 1);
INSERT INTO `t_emp` VALUES (411, '5516d410', 'M', '5516d410@qq.com', 1);
INSERT INTO `t_emp` VALUES (412, '20dc8411', 'M', '20dc8411@qq.com', 1);
INSERT INTO `t_emp` VALUES (413, '8570c412', 'M', '8570c412@qq.com', 1);
INSERT INTO `t_emp` VALUES (414, '74803413', 'M', '74803413@qq.com', 1);
INSERT INTO `t_emp` VALUES (415, 'ee37f414', 'M', 'ee37f414@qq.com', 1);
INSERT INTO `t_emp` VALUES (416, 'dc3af415', 'M', 'dc3af415@qq.com', 1);
INSERT INTO `t_emp` VALUES (417, '8feaf416', 'M', '8feaf416@qq.com', 1);
INSERT INTO `t_emp` VALUES (418, '739cc417', 'M', '739cc417@qq.com', 1);
INSERT INTO `t_emp` VALUES (419, '79b12418', 'M', '79b12418@qq.com', 1);
INSERT INTO `t_emp` VALUES (420, '3988c419', 'M', '3988c419@qq.com', 1);
INSERT INTO `t_emp` VALUES (421, 'c54f2420', 'M', 'c54f2420@qq.com', 1);
INSERT INTO `t_emp` VALUES (422, '8f9d1421', 'M', '8f9d1421@qq.com', 1);
INSERT INTO `t_emp` VALUES (423, 'd9afb422', 'M', 'd9afb422@qq.com', 1);
INSERT INTO `t_emp` VALUES (424, '08944423', 'M', '08944423@qq.com', 1);
INSERT INTO `t_emp` VALUES (425, '41978424', 'M', '41978424@qq.com', 1);
INSERT INTO `t_emp` VALUES (426, '1d98e425', 'M', '1d98e425@qq.com', 1);
INSERT INTO `t_emp` VALUES (427, 'd1ec0426', 'M', 'd1ec0426@qq.com', 1);
INSERT INTO `t_emp` VALUES (428, '05bd3427', 'M', '05bd3427@qq.com', 1);
INSERT INTO `t_emp` VALUES (429, '9c2f9428', 'M', '9c2f9428@qq.com', 1);
INSERT INTO `t_emp` VALUES (430, 'f7721429', 'M', 'f7721429@qq.com', 1);
INSERT INTO `t_emp` VALUES (431, '121f9430', 'M', '121f9430@qq.com', 1);
INSERT INTO `t_emp` VALUES (432, 'db300431', 'M', 'db300431@qq.com', 1);
INSERT INTO `t_emp` VALUES (433, 'a7639432', 'M', 'a7639432@qq.com', 1);
INSERT INTO `t_emp` VALUES (434, 'c150a433', 'M', 'c150a433@qq.com', 1);
INSERT INTO `t_emp` VALUES (435, 'ab62d434', 'M', 'ab62d434@qq.com', 1);
INSERT INTO `t_emp` VALUES (436, '6a6c3435', 'M', '6a6c3435@qq.com', 1);
INSERT INTO `t_emp` VALUES (437, 'efdd6436', 'M', 'efdd6436@qq.com', 1);
INSERT INTO `t_emp` VALUES (438, '84ae8437', 'M', '84ae8437@qq.com', 1);
INSERT INTO `t_emp` VALUES (439, '463d2438', 'M', '463d2438@qq.com', 1);
INSERT INTO `t_emp` VALUES (440, 'f2edc439', 'M', 'f2edc439@qq.com', 1);
INSERT INTO `t_emp` VALUES (441, '07d01440', 'M', '07d01440@qq.com', 1);
INSERT INTO `t_emp` VALUES (442, 'fc6c0441', 'M', 'fc6c0441@qq.com', 1);
INSERT INTO `t_emp` VALUES (443, 'e5595442', 'M', 'e5595442@qq.com', 1);
INSERT INTO `t_emp` VALUES (444, '34cd6443', 'M', '34cd6443@qq.com', 1);
INSERT INTO `t_emp` VALUES (445, '5310c444', 'M', '5310c444@qq.com', 1);
INSERT INTO `t_emp` VALUES (446, '2812e445', 'M', '2812e445@qq.com', 1);
INSERT INTO `t_emp` VALUES (447, '3d667446', 'M', '3d667446@qq.com', 1);
INSERT INTO `t_emp` VALUES (448, '1d74d447', 'M', '1d74d447@qq.com', 1);
INSERT INTO `t_emp` VALUES (449, 'c3eba448', 'M', 'c3eba448@qq.com', 1);
INSERT INTO `t_emp` VALUES (450, '23433449', 'M', '23433449@qq.com', 1);
INSERT INTO `t_emp` VALUES (451, '52c98450', 'M', '52c98450@qq.com', 1);
INSERT INTO `t_emp` VALUES (452, 'bfb64451', 'M', 'bfb64451@qq.com', 1);
INSERT INTO `t_emp` VALUES (453, '62954452', 'M', '62954452@qq.com', 1);
INSERT INTO `t_emp` VALUES (454, '150a6453', 'M', '150a6453@qq.com', 1);
INSERT INTO `t_emp` VALUES (455, '9c139454', 'M', '9c139454@qq.com', 1);
INSERT INTO `t_emp` VALUES (456, 'af1b5455', 'M', 'af1b5455@qq.com', 1);
INSERT INTO `t_emp` VALUES (457, '86304456', 'M', '86304456@qq.com', 1);
INSERT INTO `t_emp` VALUES (458, '791cf457', 'M', '791cf457@qq.com', 1);
INSERT INTO `t_emp` VALUES (459, 'b47ac458', 'M', 'b47ac458@qq.com', 1);
INSERT INTO `t_emp` VALUES (460, '7a20b459', 'M', '7a20b459@qq.com', 1);
INSERT INTO `t_emp` VALUES (461, '2e306460', 'M', '2e306460@qq.com', 1);
INSERT INTO `t_emp` VALUES (462, 'aa6cb461', 'M', 'aa6cb461@qq.com', 1);
INSERT INTO `t_emp` VALUES (463, 'c3f77462', 'M', 'c3f77462@qq.com', 1);
INSERT INTO `t_emp` VALUES (464, '32120463', 'M', '32120463@qq.com', 1);
INSERT INTO `t_emp` VALUES (465, 'a3502464', 'M', 'a3502464@qq.com', 1);
INSERT INTO `t_emp` VALUES (466, 'f5903465', 'M', 'f5903465@qq.com', 1);
INSERT INTO `t_emp` VALUES (467, 'a174b466', 'M', 'a174b466@qq.com', 1);
INSERT INTO `t_emp` VALUES (468, '114bc467', 'M', '114bc467@qq.com', 1);
INSERT INTO `t_emp` VALUES (469, 'bc73c468', 'M', 'bc73c468@qq.com', 1);
INSERT INTO `t_emp` VALUES (470, '5682b469', 'M', '5682b469@qq.com', 1);
INSERT INTO `t_emp` VALUES (471, '72b3f470', 'M', '72b3f470@qq.com', 1);
INSERT INTO `t_emp` VALUES (472, 'dfc0d471', 'M', 'dfc0d471@qq.com', 1);
INSERT INTO `t_emp` VALUES (473, '5f706472', 'M', '5f706472@qq.com', 1);
INSERT INTO `t_emp` VALUES (474, '8cd32473', 'M', '8cd32473@qq.com', 1);
INSERT INTO `t_emp` VALUES (475, 'fabd3474', 'M', 'fabd3474@qq.com', 1);
INSERT INTO `t_emp` VALUES (476, '2d395475', 'M', '2d395475@qq.com', 1);
INSERT INTO `t_emp` VALUES (477, '738cf476', 'M', '738cf476@qq.com', 1);
INSERT INTO `t_emp` VALUES (478, '42e52477', 'M', '42e52477@qq.com', 1);
INSERT INTO `t_emp` VALUES (479, '7ceff478', 'M', '7ceff478@qq.com', 1);
INSERT INTO `t_emp` VALUES (480, '8334a479', 'M', '8334a479@qq.com', 1);
INSERT INTO `t_emp` VALUES (481, '0af8b480', 'M', '0af8b480@qq.com', 1);
INSERT INTO `t_emp` VALUES (482, 'be631481', 'M', 'be631481@qq.com', 1);
INSERT INTO `t_emp` VALUES (483, '92dcf482', 'M', '92dcf482@qq.com', 1);
INSERT INTO `t_emp` VALUES (484, 'a024b483', 'M', 'a024b483@qq.com', 1);
INSERT INTO `t_emp` VALUES (485, '137fd484', 'M', '137fd484@qq.com', 1);
INSERT INTO `t_emp` VALUES (486, '86a51485', 'M', '86a51485@qq.com', 1);
INSERT INTO `t_emp` VALUES (487, 'f1e59486', 'M', 'f1e59486@qq.com', 1);
INSERT INTO `t_emp` VALUES (488, '48022487', 'M', '48022487@qq.com', 1);
INSERT INTO `t_emp` VALUES (489, '9b0ed488', 'M', '9b0ed488@qq.com', 1);
INSERT INTO `t_emp` VALUES (490, 'd4813489', 'M', 'd4813489@qq.com', 1);
INSERT INTO `t_emp` VALUES (491, '4da0d490', 'M', '4da0d490@qq.com', 1);
INSERT INTO `t_emp` VALUES (492, 'ecc7f491', 'M', 'ecc7f491@qq.com', 1);
INSERT INTO `t_emp` VALUES (493, '51cf9492', 'M', '51cf9492@qq.com', 1);
INSERT INTO `t_emp` VALUES (494, 'eff34493', 'M', 'eff34493@qq.com', 1);
INSERT INTO `t_emp` VALUES (495, 'e4c00494', 'M', 'e4c00494@qq.com', 1);
INSERT INTO `t_emp` VALUES (496, '1d09e495', 'M', '1d09e495@qq.com', 1);
INSERT INTO `t_emp` VALUES (497, '8baf5496', 'M', '8baf5496@qq.com', 1);
INSERT INTO `t_emp` VALUES (498, 'b24ae497', 'M', 'b24ae497@qq.com', 1);
INSERT INTO `t_emp` VALUES (499, '4ca1d498', 'M', '4ca1d498@qq.com', 1);
INSERT INTO `t_emp` VALUES (500, 'c04b7499', 'M', 'c04b7499@qq.com', 1);
INSERT INTO `t_emp` VALUES (501, '58eea500', 'M', '58eea500@qq.com', 1);
INSERT INTO `t_emp` VALUES (502, '08ad4501', 'M', '08ad4501@qq.com', 1);
INSERT INTO `t_emp` VALUES (503, '42e52502', 'M', '42e52502@qq.com', 1);
INSERT INTO `t_emp` VALUES (504, '7d3e7503', 'M', '7d3e7503@qq.com', 1);
INSERT INTO `t_emp` VALUES (505, '46242504', 'M', '46242504@qq.com', 1);
INSERT INTO `t_emp` VALUES (506, 'bb378505', 'M', 'bb378505@qq.com', 1);
INSERT INTO `t_emp` VALUES (507, '063ea506', 'M', '063ea506@qq.com', 1);
INSERT INTO `t_emp` VALUES (508, '2c90e507', 'M', '2c90e507@qq.com', 1);
INSERT INTO `t_emp` VALUES (509, 'dffb3508', 'M', 'dffb3508@qq.com', 1);
INSERT INTO `t_emp` VALUES (510, '119e7509', 'M', '119e7509@qq.com', 1);
INSERT INTO `t_emp` VALUES (511, 'b42c0510', 'M', 'b42c0510@qq.com', 1);
INSERT INTO `t_emp` VALUES (512, 'a06df511', 'M', 'a06df511@qq.com', 1);
INSERT INTO `t_emp` VALUES (513, 'db852512', 'M', 'db852512@qq.com', 1);
INSERT INTO `t_emp` VALUES (514, '82f8f513', 'M', '82f8f513@qq.com', 1);
INSERT INTO `t_emp` VALUES (515, '05076514', 'M', '05076514@qq.com', 1);
INSERT INTO `t_emp` VALUES (516, '30b42515', 'M', '30b42515@qq.com', 1);
INSERT INTO `t_emp` VALUES (517, '02dff516', 'M', '02dff516@qq.com', 1);
INSERT INTO `t_emp` VALUES (518, '17216517', 'M', '17216517@qq.com', 1);
INSERT INTO `t_emp` VALUES (519, 'c446a518', 'M', 'c446a518@qq.com', 1);
INSERT INTO `t_emp` VALUES (520, '23ab9519', 'M', '23ab9519@qq.com', 1);
INSERT INTO `t_emp` VALUES (521, '0081a520', 'M', '0081a520@qq.com', 1);
INSERT INTO `t_emp` VALUES (522, '7eb4a521', 'M', '7eb4a521@qq.com', 1);
INSERT INTO `t_emp` VALUES (523, '1e292522', 'M', '1e292522@qq.com', 1);
INSERT INTO `t_emp` VALUES (524, '82dda523', 'M', '82dda523@qq.com', 1);
INSERT INTO `t_emp` VALUES (525, '42a1e524', 'M', '42a1e524@qq.com', 1);
INSERT INTO `t_emp` VALUES (526, '11c66525', 'M', '11c66525@qq.com', 1);
INSERT INTO `t_emp` VALUES (527, '7115c526', 'M', '7115c526@qq.com', 1);
INSERT INTO `t_emp` VALUES (528, '01094527', 'M', '01094527@qq.com', 1);
INSERT INTO `t_emp` VALUES (529, 'e3372528', 'M', 'e3372528@qq.com', 1);
INSERT INTO `t_emp` VALUES (530, '2b09e529', 'M', '2b09e529@qq.com', 1);
INSERT INTO `t_emp` VALUES (531, '076c3530', 'M', '076c3530@qq.com', 1);
INSERT INTO `t_emp` VALUES (532, '32c78531', 'M', '32c78531@qq.com', 1);
INSERT INTO `t_emp` VALUES (533, 'c1491532', 'M', 'c1491532@qq.com', 1);
INSERT INTO `t_emp` VALUES (534, '54134533', 'M', '54134533@qq.com', 1);
INSERT INTO `t_emp` VALUES (535, '5eeaf534', 'M', '5eeaf534@qq.com', 1);
INSERT INTO `t_emp` VALUES (536, 'f760b535', 'M', 'f760b535@qq.com', 1);
INSERT INTO `t_emp` VALUES (537, 'faedf536', 'M', 'faedf536@qq.com', 1);
INSERT INTO `t_emp` VALUES (538, '71149537', 'M', '71149537@qq.com', 1);
INSERT INTO `t_emp` VALUES (539, '48aa9538', 'M', '48aa9538@qq.com', 1);
INSERT INTO `t_emp` VALUES (540, 'bbf27539', 'M', 'bbf27539@qq.com', 1);
INSERT INTO `t_emp` VALUES (541, 'ab4fb540', 'M', 'ab4fb540@qq.com', 1);
INSERT INTO `t_emp` VALUES (542, '46728541', 'M', '46728541@qq.com', 1);
INSERT INTO `t_emp` VALUES (543, '1d58c542', 'M', '1d58c542@qq.com', 1);
INSERT INTO `t_emp` VALUES (544, '0186f543', 'M', '0186f543@qq.com', 1);
INSERT INTO `t_emp` VALUES (545, 'dd22a544', 'M', 'dd22a544@qq.com', 1);
INSERT INTO `t_emp` VALUES (546, 'c737e545', 'M', 'c737e545@qq.com', 1);
INSERT INTO `t_emp` VALUES (547, 'ce422546', 'M', 'ce422546@qq.com', 1);
INSERT INTO `t_emp` VALUES (548, '00421547', 'M', '00421547@qq.com', 1);
INSERT INTO `t_emp` VALUES (549, '000ce548', 'M', '000ce548@qq.com', 1);
INSERT INTO `t_emp` VALUES (550, '411cb549', 'M', '411cb549@qq.com', 1);
INSERT INTO `t_emp` VALUES (551, '36170550', 'M', '36170550@qq.com', 1);
INSERT INTO `t_emp` VALUES (552, '7eb21551', 'M', '7eb21551@qq.com', 1);
INSERT INTO `t_emp` VALUES (553, 'e39d1552', 'M', 'e39d1552@qq.com', 1);
INSERT INTO `t_emp` VALUES (554, '38fd1553', 'M', '38fd1553@qq.com', 1);
INSERT INTO `t_emp` VALUES (555, 'a482e554', 'M', 'a482e554@qq.com', 1);
INSERT INTO `t_emp` VALUES (556, '3abe0555', 'M', '3abe0555@qq.com', 1);
INSERT INTO `t_emp` VALUES (557, '8cd0b556', 'M', '8cd0b556@qq.com', 1);
INSERT INTO `t_emp` VALUES (558, '4b865557', 'M', '4b865557@qq.com', 1);
INSERT INTO `t_emp` VALUES (559, '65585558', 'M', '65585558@qq.com', 1);
INSERT INTO `t_emp` VALUES (560, '0ae55559', 'M', '0ae55559@qq.com', 1);
INSERT INTO `t_emp` VALUES (561, '0eaa4560', 'M', '0eaa4560@qq.com', 1);
INSERT INTO `t_emp` VALUES (562, '06ad6561', 'M', '06ad6561@qq.com', 1);
INSERT INTO `t_emp` VALUES (563, '679bc562', 'M', '679bc562@qq.com', 1);
INSERT INTO `t_emp` VALUES (564, '24ba7563', 'M', '24ba7563@qq.com', 1);
INSERT INTO `t_emp` VALUES (565, '8e6fb564', 'M', '8e6fb564@qq.com', 1);
INSERT INTO `t_emp` VALUES (566, '8bfec565', 'M', '8bfec565@qq.com', 1);
INSERT INTO `t_emp` VALUES (567, '70bb9566', 'M', '70bb9566@qq.com', 1);
INSERT INTO `t_emp` VALUES (568, 'e02dc567', 'M', 'e02dc567@qq.com', 1);
INSERT INTO `t_emp` VALUES (569, '964d9568', 'M', '964d9568@qq.com', 1);
INSERT INTO `t_emp` VALUES (570, '215e3569', 'M', '215e3569@qq.com', 1);
INSERT INTO `t_emp` VALUES (571, '72ab4570', 'M', '72ab4570@qq.com', 1);
INSERT INTO `t_emp` VALUES (572, '0ef16571', 'M', '0ef16571@qq.com', 1);
INSERT INTO `t_emp` VALUES (573, '7060b572', 'M', '7060b572@qq.com', 1);
INSERT INTO `t_emp` VALUES (574, '5286b573', 'M', '5286b573@qq.com', 1);
INSERT INTO `t_emp` VALUES (575, 'f31ff574', 'M', 'f31ff574@qq.com', 1);
INSERT INTO `t_emp` VALUES (576, '7f4df575', 'M', '7f4df575@qq.com', 1);
INSERT INTO `t_emp` VALUES (577, '8c0a3576', 'M', '8c0a3576@qq.com', 1);
INSERT INTO `t_emp` VALUES (578, '6bd12577', 'M', '6bd12577@qq.com', 1);
INSERT INTO `t_emp` VALUES (579, '82542578', 'M', '82542578@qq.com', 1);
INSERT INTO `t_emp` VALUES (580, '9cdf2579', 'M', '9cdf2579@qq.com', 1);
INSERT INTO `t_emp` VALUES (581, '670f3580', 'M', '670f3580@qq.com', 1);
INSERT INTO `t_emp` VALUES (582, 'b16fb581', 'M', 'b16fb581@qq.com', 1);
INSERT INTO `t_emp` VALUES (583, '62e63582', 'M', '62e63582@qq.com', 1);
INSERT INTO `t_emp` VALUES (584, '77ac6583', 'M', '77ac6583@qq.com', 1);
INSERT INTO `t_emp` VALUES (585, '456bc584', 'M', '456bc584@qq.com', 1);
INSERT INTO `t_emp` VALUES (586, 'e9a1b585', 'M', 'e9a1b585@qq.com', 1);
INSERT INTO `t_emp` VALUES (587, '5505e586', 'M', '5505e586@qq.com', 1);
INSERT INTO `t_emp` VALUES (588, 'a0476587', 'M', 'a0476587@qq.com', 1);
INSERT INTO `t_emp` VALUES (589, 'c567c588', 'M', 'c567c588@qq.com', 1);
INSERT INTO `t_emp` VALUES (590, '93294589', 'M', '93294589@qq.com', 1);
INSERT INTO `t_emp` VALUES (591, '18e9a590', 'M', '18e9a590@qq.com', 1);
INSERT INTO `t_emp` VALUES (592, '3ce3a591', 'M', '3ce3a591@qq.com', 1);
INSERT INTO `t_emp` VALUES (593, 'f66a8592', 'M', 'f66a8592@qq.com', 1);
INSERT INTO `t_emp` VALUES (594, '7d2fa593', 'M', '7d2fa593@qq.com', 1);
INSERT INTO `t_emp` VALUES (595, '733a7594', 'M', '733a7594@qq.com', 1);
INSERT INTO `t_emp` VALUES (596, '0a32f595', 'M', '0a32f595@qq.com', 1);
INSERT INTO `t_emp` VALUES (597, 'e7e01596', 'M', 'e7e01596@qq.com', 1);
INSERT INTO `t_emp` VALUES (598, '82544597', 'M', '82544597@qq.com', 1);
INSERT INTO `t_emp` VALUES (599, '5fca4598', 'M', '5fca4598@qq.com', 1);
INSERT INTO `t_emp` VALUES (600, '13d2a599', 'M', '13d2a599@qq.com', 1);
INSERT INTO `t_emp` VALUES (601, '9cc22600', 'M', '9cc22600@qq.com', 1);
INSERT INTO `t_emp` VALUES (602, '333d7601', 'M', '333d7601@qq.com', 1);
INSERT INTO `t_emp` VALUES (603, '68811602', 'M', '68811602@qq.com', 1);
INSERT INTO `t_emp` VALUES (604, '1cf51603', 'M', '1cf51603@qq.com', 1);
INSERT INTO `t_emp` VALUES (605, '781a8604', 'M', '781a8604@qq.com', 1);
INSERT INTO `t_emp` VALUES (606, '4f71d605', 'M', '4f71d605@qq.com', 1);
INSERT INTO `t_emp` VALUES (607, '13dad606', 'M', '13dad606@qq.com', 1);
INSERT INTO `t_emp` VALUES (608, 'b8504607', 'M', 'b8504607@qq.com', 1);
INSERT INTO `t_emp` VALUES (609, '9d45d608', 'M', '9d45d608@qq.com', 1);
INSERT INTO `t_emp` VALUES (610, '52024609', 'M', '52024609@qq.com', 1);
INSERT INTO `t_emp` VALUES (611, 'ee5a1610', 'M', 'ee5a1610@qq.com', 1);
INSERT INTO `t_emp` VALUES (612, 'aa061611', 'M', 'aa061611@qq.com', 1);
INSERT INTO `t_emp` VALUES (613, '2dc5b612', 'M', '2dc5b612@qq.com', 1);
INSERT INTO `t_emp` VALUES (614, 'b4e0e613', 'M', 'b4e0e613@qq.com', 1);
INSERT INTO `t_emp` VALUES (615, '1fb98614', 'M', '1fb98614@qq.com', 1);
INSERT INTO `t_emp` VALUES (616, 'd6bd4615', 'M', 'd6bd4615@qq.com', 1);
INSERT INTO `t_emp` VALUES (617, '0255a616', 'M', '0255a616@qq.com', 1);
INSERT INTO `t_emp` VALUES (618, '3a502617', 'M', '3a502617@qq.com', 1);
INSERT INTO `t_emp` VALUES (619, '0aec3618', 'M', '0aec3618@qq.com', 1);
INSERT INTO `t_emp` VALUES (620, '502f7619', 'M', '502f7619@qq.com', 1);
INSERT INTO `t_emp` VALUES (621, '581c8620', 'M', '581c8620@qq.com', 1);
INSERT INTO `t_emp` VALUES (622, '7714a621', 'M', '7714a621@qq.com', 1);
INSERT INTO `t_emp` VALUES (623, '0f908622', 'M', '0f908622@qq.com', 1);
INSERT INTO `t_emp` VALUES (624, '9f71e623', 'M', '9f71e623@qq.com', 1);
INSERT INTO `t_emp` VALUES (625, '01f72624', 'M', '01f72624@qq.com', 1);
INSERT INTO `t_emp` VALUES (626, 'c2e8d625', 'M', 'c2e8d625@qq.com', 1);
INSERT INTO `t_emp` VALUES (627, 'c0e0c626', 'M', 'c0e0c626@qq.com', 1);
INSERT INTO `t_emp` VALUES (628, 'ebab4627', 'M', 'ebab4627@qq.com', 1);
INSERT INTO `t_emp` VALUES (629, 'e8fab628', 'M', 'e8fab628@qq.com', 1);
INSERT INTO `t_emp` VALUES (630, '7a89d629', 'M', '7a89d629@qq.com', 1);
INSERT INTO `t_emp` VALUES (631, '3947e630', 'M', '3947e630@qq.com', 1);
INSERT INTO `t_emp` VALUES (632, '03c8b631', 'M', '03c8b631@qq.com', 1);
INSERT INTO `t_emp` VALUES (633, 'a0a06632', 'M', 'a0a06632@qq.com', 1);
INSERT INTO `t_emp` VALUES (634, '2847f633', 'M', '2847f633@qq.com', 1);
INSERT INTO `t_emp` VALUES (635, 'acdbb634', 'M', 'acdbb634@qq.com', 1);
INSERT INTO `t_emp` VALUES (636, '7c731635', 'M', '7c731635@qq.com', 1);
INSERT INTO `t_emp` VALUES (637, '55a02636', 'M', '55a02636@qq.com', 1);
INSERT INTO `t_emp` VALUES (638, 'e86ee637', 'M', 'e86ee637@qq.com', 1);
INSERT INTO `t_emp` VALUES (639, '83177638', 'M', '83177638@qq.com', 1);
INSERT INTO `t_emp` VALUES (640, '34bb1639', 'M', '34bb1639@qq.com', 1);
INSERT INTO `t_emp` VALUES (641, '9a59f640', 'M', '9a59f640@qq.com', 1);
INSERT INTO `t_emp` VALUES (642, '8f91d641', 'M', '8f91d641@qq.com', 1);
INSERT INTO `t_emp` VALUES (643, '3a56d642', 'M', '3a56d642@qq.com', 1);
INSERT INTO `t_emp` VALUES (644, '88b3f643', 'M', '88b3f643@qq.com', 1);
INSERT INTO `t_emp` VALUES (645, '20b68644', 'M', '20b68644@qq.com', 1);
INSERT INTO `t_emp` VALUES (646, '94a48645', 'M', '94a48645@qq.com', 1);
INSERT INTO `t_emp` VALUES (647, '127da646', 'M', '127da646@qq.com', 1);
INSERT INTO `t_emp` VALUES (648, '50ede647', 'M', '50ede647@qq.com', 1);
INSERT INTO `t_emp` VALUES (649, '4c5cc648', 'M', '4c5cc648@qq.com', 1);
INSERT INTO `t_emp` VALUES (650, '07108649', 'M', '07108649@qq.com', 1);
INSERT INTO `t_emp` VALUES (651, 'cb88a650', 'M', 'cb88a650@qq.com', 1);
INSERT INTO `t_emp` VALUES (652, '00879651', 'M', '00879651@qq.com', 1);
INSERT INTO `t_emp` VALUES (653, '99429652', 'M', '99429652@qq.com', 1);
INSERT INTO `t_emp` VALUES (654, 'a380b653', 'M', 'a380b653@qq.com', 1);
INSERT INTO `t_emp` VALUES (655, '7a112654', 'M', '7a112654@qq.com', 1);
INSERT INTO `t_emp` VALUES (656, 'e0033655', 'M', 'e0033655@qq.com', 1);
INSERT INTO `t_emp` VALUES (657, '776fd656', 'M', '776fd656@qq.com', 1);
INSERT INTO `t_emp` VALUES (658, '84870657', 'M', '84870657@qq.com', 1);
INSERT INTO `t_emp` VALUES (659, '559e8658', 'M', '559e8658@qq.com', 1);
INSERT INTO `t_emp` VALUES (660, 'c7bf4659', 'M', 'c7bf4659@qq.com', 1);
INSERT INTO `t_emp` VALUES (661, 'e4467660', 'M', 'e4467660@qq.com', 1);
INSERT INTO `t_emp` VALUES (662, '1f670661', 'M', '1f670661@qq.com', 1);
INSERT INTO `t_emp` VALUES (663, 'bbc70662', 'M', 'bbc70662@qq.com', 1);
INSERT INTO `t_emp` VALUES (664, '277c1663', 'M', '277c1663@qq.com', 1);
INSERT INTO `t_emp` VALUES (665, '28f89664', 'M', '28f89664@qq.com', 1);
INSERT INTO `t_emp` VALUES (666, 'bb782665', 'M', 'bb782665@qq.com', 1);
INSERT INTO `t_emp` VALUES (667, 'bf63f666', 'M', 'bf63f666@qq.com', 1);
INSERT INTO `t_emp` VALUES (668, 'a7639667', 'M', 'a7639667@qq.com', 1);
INSERT INTO `t_emp` VALUES (669, '6387b668', 'M', '6387b668@qq.com', 1);
INSERT INTO `t_emp` VALUES (670, '26c70669', 'M', '26c70669@qq.com', 1);
INSERT INTO `t_emp` VALUES (671, '80d92670', 'M', '80d92670@qq.com', 1);
INSERT INTO `t_emp` VALUES (672, '64a5d671', 'M', '64a5d671@qq.com', 1);
INSERT INTO `t_emp` VALUES (673, 'a062e672', 'M', 'a062e672@qq.com', 1);
INSERT INTO `t_emp` VALUES (674, 'e9ba7673', 'M', 'e9ba7673@qq.com', 1);
INSERT INTO `t_emp` VALUES (675, '223c4674', 'M', '223c4674@qq.com', 1);
INSERT INTO `t_emp` VALUES (676, 'bebd9675', 'M', 'bebd9675@qq.com', 1);
INSERT INTO `t_emp` VALUES (677, 'f9a5d676', 'M', 'f9a5d676@qq.com', 1);
INSERT INTO `t_emp` VALUES (678, 'dfe69677', 'M', 'dfe69677@qq.com', 1);
INSERT INTO `t_emp` VALUES (679, '768d3678', 'M', '768d3678@qq.com', 1);
INSERT INTO `t_emp` VALUES (680, '63193679', 'M', '63193679@qq.com', 1);
INSERT INTO `t_emp` VALUES (681, 'e1af6680', 'M', 'e1af6680@qq.com', 1);
INSERT INTO `t_emp` VALUES (682, 'f31f1681', 'M', 'f31f1681@qq.com', 1);
INSERT INTO `t_emp` VALUES (683, 'dbf4d682', 'M', 'dbf4d682@qq.com', 1);
INSERT INTO `t_emp` VALUES (684, 'f3b4c683', 'M', 'f3b4c683@qq.com', 1);
INSERT INTO `t_emp` VALUES (685, '19e98684', 'M', '19e98684@qq.com', 1);
INSERT INTO `t_emp` VALUES (686, 'ee985685', 'M', 'ee985685@qq.com', 1);
INSERT INTO `t_emp` VALUES (687, '51c89686', 'M', '51c89686@qq.com', 1);
INSERT INTO `t_emp` VALUES (688, '903ff687', 'M', '903ff687@qq.com', 1);
INSERT INTO `t_emp` VALUES (689, '727b9688', 'M', '727b9688@qq.com', 1);
INSERT INTO `t_emp` VALUES (690, '4c347689', 'M', '4c347689@qq.com', 1);
INSERT INTO `t_emp` VALUES (691, '0e9cd690', 'M', '0e9cd690@qq.com', 1);
INSERT INTO `t_emp` VALUES (692, 'd69b3691', 'M', 'd69b3691@qq.com', 1);
INSERT INTO `t_emp` VALUES (693, '83a65692', 'M', '83a65692@qq.com', 1);
INSERT INTO `t_emp` VALUES (694, '26da4693', 'M', '26da4693@qq.com', 1);
INSERT INTO `t_emp` VALUES (695, 'e7762694', 'M', 'e7762694@qq.com', 1);
INSERT INTO `t_emp` VALUES (696, '2944a695', 'M', '2944a695@qq.com', 1);
INSERT INTO `t_emp` VALUES (697, '93b17696', 'M', '93b17696@qq.com', 1);
INSERT INTO `t_emp` VALUES (698, '3e52f697', 'M', '3e52f697@qq.com', 1);
INSERT INTO `t_emp` VALUES (699, '2edb8698', 'M', '2edb8698@qq.com', 1);
INSERT INTO `t_emp` VALUES (700, 'cf406699', 'M', 'cf406699@qq.com', 1);
INSERT INTO `t_emp` VALUES (701, 'de70c700', 'M', 'de70c700@qq.com', 1);
INSERT INTO `t_emp` VALUES (702, '4f761701', 'M', '4f761701@qq.com', 1);
INSERT INTO `t_emp` VALUES (703, '5252b702', 'M', '5252b702@qq.com', 1);
INSERT INTO `t_emp` VALUES (704, '9b014703', 'M', '9b014703@qq.com', 1);
INSERT INTO `t_emp` VALUES (705, 'c764b704', 'M', 'c764b704@qq.com', 1);
INSERT INTO `t_emp` VALUES (706, '42f60705', 'M', '42f60705@qq.com', 1);
INSERT INTO `t_emp` VALUES (707, 'be144706', 'M', 'be144706@qq.com', 1);
INSERT INTO `t_emp` VALUES (708, '6be22707', 'M', '6be22707@qq.com', 1);
INSERT INTO `t_emp` VALUES (709, 'a739a708', 'M', 'a739a708@qq.com', 1);
INSERT INTO `t_emp` VALUES (710, 'ba7f9709', 'M', 'ba7f9709@qq.com', 1);
INSERT INTO `t_emp` VALUES (711, '1f0a4710', 'M', '1f0a4710@qq.com', 1);
INSERT INTO `t_emp` VALUES (712, 'f6714711', 'M', 'f6714711@qq.com', 1);
INSERT INTO `t_emp` VALUES (713, '5d057712', 'M', '5d057712@qq.com', 1);
INSERT INTO `t_emp` VALUES (714, '27ba0713', 'M', '27ba0713@qq.com', 1);
INSERT INTO `t_emp` VALUES (715, '6ea96714', 'M', '6ea96714@qq.com', 1);
INSERT INTO `t_emp` VALUES (716, 'd149d715', 'M', 'd149d715@qq.com', 1);
INSERT INTO `t_emp` VALUES (717, '36f0e716', 'M', '36f0e716@qq.com', 1);
INSERT INTO `t_emp` VALUES (718, 'e526a717', 'M', 'e526a717@qq.com', 1);
INSERT INTO `t_emp` VALUES (719, 'dc3a8718', 'M', 'dc3a8718@qq.com', 1);
INSERT INTO `t_emp` VALUES (720, 'a0583719', 'M', 'a0583719@qq.com', 1);
INSERT INTO `t_emp` VALUES (721, 'b677b720', 'M', 'b677b720@qq.com', 1);
INSERT INTO `t_emp` VALUES (722, '9d55f721', 'M', '9d55f721@qq.com', 1);
INSERT INTO `t_emp` VALUES (723, '2d824722', 'M', '2d824722@qq.com', 1);
INSERT INTO `t_emp` VALUES (724, '864d6723', 'M', '864d6723@qq.com', 1);
INSERT INTO `t_emp` VALUES (725, 'f4c7e724', 'M', 'f4c7e724@qq.com', 1);
INSERT INTO `t_emp` VALUES (726, '3b049725', 'M', '3b049725@qq.com', 1);
INSERT INTO `t_emp` VALUES (727, 'aaf27726', 'M', 'aaf27726@qq.com', 1);
INSERT INTO `t_emp` VALUES (728, 'ffbca727', 'M', 'ffbca727@qq.com', 1);
INSERT INTO `t_emp` VALUES (729, '6bb15728', 'M', '6bb15728@qq.com', 1);
INSERT INTO `t_emp` VALUES (730, 'c9ee2729', 'M', 'c9ee2729@qq.com', 1);
INSERT INTO `t_emp` VALUES (731, '162fd730', 'M', '162fd730@qq.com', 1);
INSERT INTO `t_emp` VALUES (732, 'e9074731', 'M', 'e9074731@qq.com', 1);
INSERT INTO `t_emp` VALUES (733, '6c0b0732', 'M', '6c0b0732@qq.com', 1);
INSERT INTO `t_emp` VALUES (734, '02173733', 'M', '02173733@qq.com', 1);
INSERT INTO `t_emp` VALUES (735, '4e6af734', 'M', '4e6af734@qq.com', 1);
INSERT INTO `t_emp` VALUES (736, '7117a735', 'M', '7117a735@qq.com', 1);
INSERT INTO `t_emp` VALUES (737, 'dfeed736', 'M', 'dfeed736@qq.com', 1);
INSERT INTO `t_emp` VALUES (738, '82c64737', 'M', '82c64737@qq.com', 1);
INSERT INTO `t_emp` VALUES (739, '8f805738', 'M', '8f805738@qq.com', 1);
INSERT INTO `t_emp` VALUES (740, '24b4d739', 'M', '24b4d739@qq.com', 1);
INSERT INTO `t_emp` VALUES (741, 'a17a0740', 'M', 'a17a0740@qq.com', 1);
INSERT INTO `t_emp` VALUES (742, '0f4cb741', 'M', '0f4cb741@qq.com', 1);
INSERT INTO `t_emp` VALUES (743, 'da433742', 'M', 'da433742@qq.com', 1);
INSERT INTO `t_emp` VALUES (744, '0feb6743', 'M', '0feb6743@qq.com', 1);
INSERT INTO `t_emp` VALUES (745, '22a82744', 'M', '22a82744@qq.com', 1);
INSERT INTO `t_emp` VALUES (746, '297af745', 'M', '297af745@qq.com', 1);
INSERT INTO `t_emp` VALUES (747, 'ff8fc746', 'M', 'ff8fc746@qq.com', 1);
INSERT INTO `t_emp` VALUES (748, '4241f747', 'M', '4241f747@qq.com', 1);
INSERT INTO `t_emp` VALUES (749, 'd3518748', 'M', 'd3518748@qq.com', 1);
INSERT INTO `t_emp` VALUES (750, 'a8042749', 'M', 'a8042749@qq.com', 1);
INSERT INTO `t_emp` VALUES (751, 'a6189750', 'M', 'a6189750@qq.com', 1);
INSERT INTO `t_emp` VALUES (752, '59968751', 'M', '59968751@qq.com', 1);
INSERT INTO `t_emp` VALUES (753, '92f60752', 'M', '92f60752@qq.com', 1);
INSERT INTO `t_emp` VALUES (754, '0cf23753', 'M', '0cf23753@qq.com', 1);
INSERT INTO `t_emp` VALUES (755, '6eafb754', 'M', '6eafb754@qq.com', 1);
INSERT INTO `t_emp` VALUES (756, '3049f755', 'M', '3049f755@qq.com', 1);
INSERT INTO `t_emp` VALUES (757, 'a4990756', 'M', 'a4990756@qq.com', 1);
INSERT INTO `t_emp` VALUES (758, 'ff6bd757', 'M', 'ff6bd757@qq.com', 1);
INSERT INTO `t_emp` VALUES (759, '035df758', 'M', '035df758@qq.com', 1);
INSERT INTO `t_emp` VALUES (760, '91221759', 'M', '91221759@qq.com', 1);
INSERT INTO `t_emp` VALUES (761, '0df23760', 'M', '0df23760@qq.com', 1);
INSERT INTO `t_emp` VALUES (762, '867e5761', 'M', '867e5761@qq.com', 1);
INSERT INTO `t_emp` VALUES (763, 'a7d23762', 'M', 'a7d23762@qq.com', 1);
INSERT INTO `t_emp` VALUES (764, '89a04763', 'M', '89a04763@qq.com', 1);
INSERT INTO `t_emp` VALUES (765, 'c9263764', 'M', 'c9263764@qq.com', 1);
INSERT INTO `t_emp` VALUES (766, '42703765', 'M', '42703765@qq.com', 1);
INSERT INTO `t_emp` VALUES (767, 'f84a3766', 'M', 'f84a3766@qq.com', 1);
INSERT INTO `t_emp` VALUES (768, '8be27767', 'M', '8be27767@qq.com', 1);
INSERT INTO `t_emp` VALUES (769, '06a19768', 'M', '06a19768@qq.com', 1);
INSERT INTO `t_emp` VALUES (770, 'fd1ff769', 'M', 'fd1ff769@qq.com', 1);
INSERT INTO `t_emp` VALUES (771, 'a4187770', 'M', 'a4187770@qq.com', 1);
INSERT INTO `t_emp` VALUES (772, 'b2ee2771', 'M', 'b2ee2771@qq.com', 1);
INSERT INTO `t_emp` VALUES (773, '521bc772', 'M', '521bc772@qq.com', 1);
INSERT INTO `t_emp` VALUES (774, 'fd248773', 'M', 'fd248773@qq.com', 1);
INSERT INTO `t_emp` VALUES (775, '60fd0774', 'M', '60fd0774@qq.com', 1);
INSERT INTO `t_emp` VALUES (776, 'b949a775', 'M', 'b949a775@qq.com', 1);
INSERT INTO `t_emp` VALUES (777, '8945d776', 'M', '8945d776@qq.com', 1);
INSERT INTO `t_emp` VALUES (778, '72aeb777', 'M', '72aeb777@qq.com', 1);
INSERT INTO `t_emp` VALUES (779, '44352778', 'M', '44352778@qq.com', 1);
INSERT INTO `t_emp` VALUES (780, 'fb363779', 'M', 'fb363779@qq.com', 1);
INSERT INTO `t_emp` VALUES (781, '39c30780', 'M', '39c30780@qq.com', 1);
INSERT INTO `t_emp` VALUES (782, 'b605c781', 'M', 'b605c781@qq.com', 1);
INSERT INTO `t_emp` VALUES (783, 'c8e23782', 'M', 'c8e23782@qq.com', 1);
INSERT INTO `t_emp` VALUES (784, '81709783', 'M', '81709783@qq.com', 1);
INSERT INTO `t_emp` VALUES (785, '6faff784', 'M', '6faff784@qq.com', 1);
INSERT INTO `t_emp` VALUES (786, '01a00785', 'M', '01a00785@qq.com', 1);
INSERT INTO `t_emp` VALUES (787, '712be786', 'M', '712be786@qq.com', 1);
INSERT INTO `t_emp` VALUES (788, '65684787', 'M', '65684787@qq.com', 1);
INSERT INTO `t_emp` VALUES (789, '9783e788', 'M', '9783e788@qq.com', 1);
INSERT INTO `t_emp` VALUES (790, '48ebc789', 'M', '48ebc789@qq.com', 1);
INSERT INTO `t_emp` VALUES (791, 'fd66c790', 'M', 'fd66c790@qq.com', 1);
INSERT INTO `t_emp` VALUES (792, 'b7111791', 'M', 'b7111791@qq.com', 1);
INSERT INTO `t_emp` VALUES (793, 'ec9c3792', 'M', 'ec9c3792@qq.com', 1);
INSERT INTO `t_emp` VALUES (794, '854ee793', 'M', '854ee793@qq.com', 1);
INSERT INTO `t_emp` VALUES (795, '853c4794', 'M', '853c4794@qq.com', 1);
INSERT INTO `t_emp` VALUES (796, '48794795', 'M', '48794795@qq.com', 1);
INSERT INTO `t_emp` VALUES (797, '514f2796', 'M', '514f2796@qq.com', 1);
INSERT INTO `t_emp` VALUES (798, 'e908a797', 'M', 'e908a797@qq.com', 1);
INSERT INTO `t_emp` VALUES (799, 'c5141798', 'M', 'c5141798@qq.com', 1);
INSERT INTO `t_emp` VALUES (800, 'bd103799', 'M', 'bd103799@qq.com', 1);
INSERT INTO `t_emp` VALUES (801, 'c8238800', 'M', 'c8238800@qq.com', 1);
INSERT INTO `t_emp` VALUES (802, 'f8aa2801', 'M', 'f8aa2801@qq.com', 1);
INSERT INTO `t_emp` VALUES (803, '28af6802', 'M', '28af6802@qq.com', 1);
INSERT INTO `t_emp` VALUES (804, '126a4803', 'M', '126a4803@qq.com', 1);
INSERT INTO `t_emp` VALUES (805, 'fae93804', 'M', 'fae93804@qq.com', 1);
INSERT INTO `t_emp` VALUES (806, 'b8501805', 'M', 'b8501805@qq.com', 1);
INSERT INTO `t_emp` VALUES (807, 'f590f806', 'M', 'f590f806@qq.com', 1);
INSERT INTO `t_emp` VALUES (808, 'b328c807', 'M', 'b328c807@qq.com', 1);
INSERT INTO `t_emp` VALUES (809, '9ac97808', 'M', '9ac97808@qq.com', 1);
INSERT INTO `t_emp` VALUES (810, '30e4c809', 'M', '30e4c809@qq.com', 1);
INSERT INTO `t_emp` VALUES (811, 'ed483810', 'M', 'ed483810@qq.com', 1);
INSERT INTO `t_emp` VALUES (812, '5bcc8811', 'M', '5bcc8811@qq.com', 1);
INSERT INTO `t_emp` VALUES (813, '4b7da812', 'M', '4b7da812@qq.com', 1);
INSERT INTO `t_emp` VALUES (814, 'c831b813', 'M', 'c831b813@qq.com', 1);
INSERT INTO `t_emp` VALUES (815, '8e5a4814', 'M', '8e5a4814@qq.com', 1);
INSERT INTO `t_emp` VALUES (816, '69d58815', 'M', '69d58815@qq.com', 1);
INSERT INTO `t_emp` VALUES (817, 'be281816', 'M', 'be281816@qq.com', 1);
INSERT INTO `t_emp` VALUES (818, '0580f817', 'M', '0580f817@qq.com', 1);
INSERT INTO `t_emp` VALUES (819, 'ac663818', 'M', 'ac663818@qq.com', 1);
INSERT INTO `t_emp` VALUES (820, '3fa82819', 'M', '3fa82819@qq.com', 1);
INSERT INTO `t_emp` VALUES (821, 'a8e3a820', 'M', 'a8e3a820@qq.com', 1);
INSERT INTO `t_emp` VALUES (822, '49977821', 'M', '49977821@qq.com', 1);
INSERT INTO `t_emp` VALUES (823, '85429822', 'M', '85429822@qq.com', 1);
INSERT INTO `t_emp` VALUES (824, 'f454b823', 'M', 'f454b823@qq.com', 1);
INSERT INTO `t_emp` VALUES (825, 'a25f5824', 'M', 'a25f5824@qq.com', 1);
INSERT INTO `t_emp` VALUES (826, 'e71a6825', 'M', 'e71a6825@qq.com', 1);
INSERT INTO `t_emp` VALUES (827, '5e8a2826', 'M', '5e8a2826@qq.com', 1);
INSERT INTO `t_emp` VALUES (828, '36e6a827', 'M', '36e6a827@qq.com', 1);
INSERT INTO `t_emp` VALUES (829, 'a88dc828', 'M', 'a88dc828@qq.com', 1);
INSERT INTO `t_emp` VALUES (830, '1739a829', 'M', '1739a829@qq.com', 1);
INSERT INTO `t_emp` VALUES (831, 'eb2f3830', 'M', 'eb2f3830@qq.com', 1);
INSERT INTO `t_emp` VALUES (832, '6d18b831', 'M', '6d18b831@qq.com', 1);
INSERT INTO `t_emp` VALUES (833, '40e44832', 'M', '40e44832@qq.com', 1);
INSERT INTO `t_emp` VALUES (834, 'e3435833', 'M', 'e3435833@qq.com', 1);
INSERT INTO `t_emp` VALUES (835, 'd7dda834', 'M', 'd7dda834@qq.com', 1);
INSERT INTO `t_emp` VALUES (836, 'cba1d835', 'M', 'cba1d835@qq.com', 1);
INSERT INTO `t_emp` VALUES (837, 'bbf25836', 'M', 'bbf25836@qq.com', 1);
INSERT INTO `t_emp` VALUES (838, '16af0837', 'M', '16af0837@qq.com', 1);
INSERT INTO `t_emp` VALUES (839, '9a502838', 'M', '9a502838@qq.com', 1);
INSERT INTO `t_emp` VALUES (840, '13c5c839', 'M', '13c5c839@qq.com', 1);
INSERT INTO `t_emp` VALUES (841, 'ec6d8840', 'M', 'ec6d8840@qq.com', 1);
INSERT INTO `t_emp` VALUES (842, '562c2841', 'M', '562c2841@qq.com', 1);
INSERT INTO `t_emp` VALUES (843, 'b12aa842', 'M', 'b12aa842@qq.com', 1);
INSERT INTO `t_emp` VALUES (844, '6724b843', 'M', '6724b843@qq.com', 1);
INSERT INTO `t_emp` VALUES (845, '6ad6f844', 'M', '6ad6f844@qq.com', 1);
INSERT INTO `t_emp` VALUES (846, 'c11cb845', 'M', 'c11cb845@qq.com', 1);
INSERT INTO `t_emp` VALUES (847, 'e6a0c846', 'M', 'e6a0c846@qq.com', 1);
INSERT INTO `t_emp` VALUES (848, 'cfd52847', 'M', 'cfd52847@qq.com', 1);
INSERT INTO `t_emp` VALUES (849, 'bb358848', 'M', 'bb358848@qq.com', 1);
INSERT INTO `t_emp` VALUES (850, '217ab849', 'M', '217ab849@qq.com', 1);
INSERT INTO `t_emp` VALUES (851, '17b57850', 'M', '17b57850@qq.com', 1);
INSERT INTO `t_emp` VALUES (852, '1b94f851', 'M', '1b94f851@qq.com', 1);
INSERT INTO `t_emp` VALUES (853, 'd4085852', 'M', 'd4085852@qq.com', 1);
INSERT INTO `t_emp` VALUES (854, 'ea747853', 'M', 'ea747853@qq.com', 1);
INSERT INTO `t_emp` VALUES (855, '5a656854', 'M', '5a656854@qq.com', 1);
INSERT INTO `t_emp` VALUES (856, '26e79855', 'M', '26e79855@qq.com', 1);
INSERT INTO `t_emp` VALUES (857, '00a12856', 'M', '00a12856@qq.com', 1);
INSERT INTO `t_emp` VALUES (858, '18c9a857', 'M', '18c9a857@qq.com', 1);
INSERT INTO `t_emp` VALUES (859, '52b6f858', 'M', '52b6f858@qq.com', 1);
INSERT INTO `t_emp` VALUES (860, '913bf859', 'M', '913bf859@qq.com', 1);
INSERT INTO `t_emp` VALUES (861, '92ca7860', 'M', '92ca7860@qq.com', 1);
INSERT INTO `t_emp` VALUES (862, '20d9d861', 'M', '20d9d861@qq.com', 1);
INSERT INTO `t_emp` VALUES (863, 'db0bd862', 'M', 'db0bd862@qq.com', 1);
INSERT INTO `t_emp` VALUES (864, '534b2863', 'M', '534b2863@qq.com', 1);
INSERT INTO `t_emp` VALUES (865, '38511864', 'M', '38511864@qq.com', 1);
INSERT INTO `t_emp` VALUES (866, '4268a865', 'M', '4268a865@qq.com', 1);
INSERT INTO `t_emp` VALUES (867, '35919866', 'M', '35919866@qq.com', 1);
INSERT INTO `t_emp` VALUES (868, '0192c867', 'M', '0192c867@qq.com', 1);
INSERT INTO `t_emp` VALUES (869, '58b04868', 'M', '58b04868@qq.com', 1);
INSERT INTO `t_emp` VALUES (870, '37159869', 'M', '37159869@qq.com', 1);
INSERT INTO `t_emp` VALUES (871, '4b9bf870', 'M', '4b9bf870@qq.com', 1);
INSERT INTO `t_emp` VALUES (872, 'a00e4871', 'M', 'a00e4871@qq.com', 1);
INSERT INTO `t_emp` VALUES (873, '29286872', 'M', '29286872@qq.com', 1);
INSERT INTO `t_emp` VALUES (874, 'ef3e7873', 'M', 'ef3e7873@qq.com', 1);
INSERT INTO `t_emp` VALUES (875, '4ee16874', 'M', '4ee16874@qq.com', 1);
INSERT INTO `t_emp` VALUES (876, '99260875', 'M', '99260875@qq.com', 1);
INSERT INTO `t_emp` VALUES (877, '06fc1876', 'M', '06fc1876@qq.com', 1);
INSERT INTO `t_emp` VALUES (878, '3b23b877', 'M', '3b23b877@qq.com', 1);
INSERT INTO `t_emp` VALUES (879, '7700a878', 'M', '7700a878@qq.com', 1);
INSERT INTO `t_emp` VALUES (880, '414da879', 'M', '414da879@qq.com', 1);
INSERT INTO `t_emp` VALUES (881, '1ddf8880', 'M', '1ddf8880@qq.com', 1);
INSERT INTO `t_emp` VALUES (882, '4d7db881', 'M', '4d7db881@qq.com', 1);
INSERT INTO `t_emp` VALUES (883, '93e80882', 'M', '93e80882@qq.com', 1);
INSERT INTO `t_emp` VALUES (884, '984c5883', 'M', '984c5883@qq.com', 1);
INSERT INTO `t_emp` VALUES (885, '92ac2884', 'M', '92ac2884@qq.com', 1);
INSERT INTO `t_emp` VALUES (886, '8c853885', 'M', '8c853885@qq.com', 1);
INSERT INTO `t_emp` VALUES (887, 'adfd2886', 'M', 'adfd2886@qq.com', 1);
INSERT INTO `t_emp` VALUES (888, '7827a887', 'M', '7827a887@qq.com', 1);
INSERT INTO `t_emp` VALUES (889, '7ad7d888', 'M', '7ad7d888@qq.com', 1);
INSERT INTO `t_emp` VALUES (890, '2d89e889', 'M', '2d89e889@qq.com', 1);
INSERT INTO `t_emp` VALUES (891, '84989890', 'M', '84989890@qq.com', 1);
INSERT INTO `t_emp` VALUES (892, '0ea22891', 'M', '0ea22891@qq.com', 1);
INSERT INTO `t_emp` VALUES (893, '1d98f892', 'M', '1d98f892@qq.com', 1);
INSERT INTO `t_emp` VALUES (894, 'f766b893', 'M', 'f766b893@qq.com', 1);
INSERT INTO `t_emp` VALUES (895, 'c5385894', 'M', 'c5385894@qq.com', 1);
INSERT INTO `t_emp` VALUES (896, 'c22cb895', 'M', 'c22cb895@qq.com', 1);
INSERT INTO `t_emp` VALUES (897, 'c8326896', 'M', 'c8326896@qq.com', 1);
INSERT INTO `t_emp` VALUES (898, 'b48e8897', 'M', 'b48e8897@qq.com', 1);
INSERT INTO `t_emp` VALUES (899, 'b71b6898', 'M', 'b71b6898@qq.com', 1);
INSERT INTO `t_emp` VALUES (900, 'ea767899', 'M', 'ea767899@qq.com', 1);
INSERT INTO `t_emp` VALUES (901, '1e493900', 'M', '1e493900@qq.com', 1);
INSERT INTO `t_emp` VALUES (902, 'c6452901', 'M', 'c6452901@qq.com', 1);
INSERT INTO `t_emp` VALUES (903, '023e6902', 'M', '023e6902@qq.com', 1);
INSERT INTO `t_emp` VALUES (904, '1c4c0903', 'M', '1c4c0903@qq.com', 1);
INSERT INTO `t_emp` VALUES (905, '92083904', 'M', '92083904@qq.com', 1);
INSERT INTO `t_emp` VALUES (906, '5fb45905', 'M', '5fb45905@qq.com', 1);
INSERT INTO `t_emp` VALUES (907, '79d7a906', 'M', '79d7a906@qq.com', 1);
INSERT INTO `t_emp` VALUES (908, 'eee6c907', 'M', 'eee6c907@qq.com', 1);
INSERT INTO `t_emp` VALUES (909, '0e532908', 'M', '0e532908@qq.com', 1);
INSERT INTO `t_emp` VALUES (910, '0d21a909', 'M', '0d21a909@qq.com', 1);
INSERT INTO `t_emp` VALUES (911, '2f6de910', 'M', '2f6de910@qq.com', 1);
INSERT INTO `t_emp` VALUES (912, '2153d911', 'M', '2153d911@qq.com', 1);
INSERT INTO `t_emp` VALUES (913, '64f5c912', 'M', '64f5c912@qq.com', 1);
INSERT INTO `t_emp` VALUES (914, '68495913', 'M', '68495913@qq.com', 1);
INSERT INTO `t_emp` VALUES (915, '12f35914', 'M', '12f35914@qq.com', 1);
INSERT INTO `t_emp` VALUES (916, '589fb915', 'M', '589fb915@qq.com', 1);
INSERT INTO `t_emp` VALUES (917, 'c0e6d916', 'M', 'c0e6d916@qq.com', 1);
INSERT INTO `t_emp` VALUES (918, 'be076917', 'M', 'be076917@qq.com', 1);
INSERT INTO `t_emp` VALUES (919, 'a9d19918', 'M', 'a9d19918@qq.com', 1);
INSERT INTO `t_emp` VALUES (920, 'e22f7919', 'M', 'e22f7919@qq.com', 1);
INSERT INTO `t_emp` VALUES (921, 'b420c920', 'M', 'b420c920@qq.com', 1);
INSERT INTO `t_emp` VALUES (922, '5b3f0921', 'M', '5b3f0921@qq.com', 1);
INSERT INTO `t_emp` VALUES (923, '2b758922', 'M', '2b758922@qq.com', 1);
INSERT INTO `t_emp` VALUES (924, '22890923', 'M', '22890923@qq.com', 1);
INSERT INTO `t_emp` VALUES (925, '9769e924', 'M', '9769e924@qq.com', 1);
INSERT INTO `t_emp` VALUES (926, 'e1a76925', 'M', 'e1a76925@qq.com', 1);
INSERT INTO `t_emp` VALUES (927, '78c04926', 'M', '78c04926@qq.com', 1);
INSERT INTO `t_emp` VALUES (928, '39f2d927', 'M', '39f2d927@qq.com', 1);
INSERT INTO `t_emp` VALUES (929, '4bcf0928', 'M', '4bcf0928@qq.com', 1);
INSERT INTO `t_emp` VALUES (930, '16f36929', 'M', '16f36929@qq.com', 1);
INSERT INTO `t_emp` VALUES (931, '2aaa4930', 'M', '2aaa4930@qq.com', 1);
INSERT INTO `t_emp` VALUES (932, 'b8b14931', 'M', 'b8b14931@qq.com', 1);
INSERT INTO `t_emp` VALUES (933, 'f1544932', 'M', 'f1544932@qq.com', 1);
INSERT INTO `t_emp` VALUES (934, 'a5d9b933', 'M', 'a5d9b933@qq.com', 1);
INSERT INTO `t_emp` VALUES (935, 'f17f7934', 'M', 'f17f7934@qq.com', 1);
INSERT INTO `t_emp` VALUES (936, '72aa6935', 'M', '72aa6935@qq.com', 1);
INSERT INTO `t_emp` VALUES (937, '3f732936', 'M', '3f732936@qq.com', 1);
INSERT INTO `t_emp` VALUES (938, 'f3984937', 'M', 'f3984937@qq.com', 1);
INSERT INTO `t_emp` VALUES (939, '3c750938', 'M', '3c750938@qq.com', 1);
INSERT INTO `t_emp` VALUES (940, '4a988939', 'M', '4a988939@qq.com', 1);
INSERT INTO `t_emp` VALUES (941, 'cfb77940', 'M', 'cfb77940@qq.com', 1);
INSERT INTO `t_emp` VALUES (942, '0d4b6941', 'M', '0d4b6941@qq.com', 1);
INSERT INTO `t_emp` VALUES (943, '68939942', 'M', '68939942@qq.com', 1);
INSERT INTO `t_emp` VALUES (944, '795d6943', 'M', '795d6943@qq.com', 1);
INSERT INTO `t_emp` VALUES (945, 'f7bbc944', 'M', 'f7bbc944@qq.com', 1);
INSERT INTO `t_emp` VALUES (946, 'd24c2945', 'M', 'd24c2945@qq.com', 1);
INSERT INTO `t_emp` VALUES (947, '1c319946', 'M', '1c319946@qq.com', 1);
INSERT INTO `t_emp` VALUES (948, 'e8b14947', 'M', 'e8b14947@qq.com', 1);
INSERT INTO `t_emp` VALUES (949, '94819948', 'M', '94819948@qq.com', 1);
INSERT INTO `t_emp` VALUES (950, '66834949', 'M', '66834949@qq.com', 1);
INSERT INTO `t_emp` VALUES (951, 'fc8ac950', 'M', 'fc8ac950@qq.com', 1);
INSERT INTO `t_emp` VALUES (952, 'b8261951', 'M', 'b8261951@qq.com', 1);
INSERT INTO `t_emp` VALUES (953, '3a78e952', 'M', '3a78e952@qq.com', 1);
INSERT INTO `t_emp` VALUES (954, '82ce2953', 'M', '82ce2953@qq.com', 1);
INSERT INTO `t_emp` VALUES (955, '1e9c3954', 'M', '1e9c3954@qq.com', 1);
INSERT INTO `t_emp` VALUES (956, 'caf28955', 'M', 'caf28955@qq.com', 1);
INSERT INTO `t_emp` VALUES (957, 'ad7df956', 'M', 'ad7df956@qq.com', 1);
INSERT INTO `t_emp` VALUES (958, '2c7e4957', 'M', '2c7e4957@qq.com', 1);
INSERT INTO `t_emp` VALUES (959, '5445f958', 'M', '5445f958@qq.com', 1);
INSERT INTO `t_emp` VALUES (960, '84cd1959', 'M', '84cd1959@qq.com', 1);
INSERT INTO `t_emp` VALUES (961, 'f6421960', 'M', 'f6421960@qq.com', 1);
INSERT INTO `t_emp` VALUES (962, '8385c961', 'M', '8385c961@qq.com', 1);
INSERT INTO `t_emp` VALUES (963, '6f168962', 'M', '6f168962@qq.com', 1);
INSERT INTO `t_emp` VALUES (964, '364f3963', 'M', '364f3963@qq.com', 1);
INSERT INTO `t_emp` VALUES (965, '6930b964', 'M', '6930b964@qq.com', 1);
INSERT INTO `t_emp` VALUES (966, 'aef51965', 'M', 'aef51965@qq.com', 1);
INSERT INTO `t_emp` VALUES (967, 'afed5966', 'M', 'afed5966@qq.com', 1);
INSERT INTO `t_emp` VALUES (968, '63324967', 'M', '63324967@qq.com', 1);
INSERT INTO `t_emp` VALUES (969, '3fbf5968', 'M', '3fbf5968@qq.com', 1);
INSERT INTO `t_emp` VALUES (970, 'cf93e969', 'M', 'cf93e969@qq.com', 1);
INSERT INTO `t_emp` VALUES (971, '8be14970', 'M', '8be14970@qq.com', 1);
INSERT INTO `t_emp` VALUES (972, '24aad971', 'M', '24aad971@qq.com', 1);
INSERT INTO `t_emp` VALUES (973, '9315a972', 'M', '9315a972@qq.com', 1);
INSERT INTO `t_emp` VALUES (974, '4df74973', 'M', '4df74973@qq.com', 1);
INSERT INTO `t_emp` VALUES (975, '011b6974', 'M', '011b6974@qq.com', 1);
INSERT INTO `t_emp` VALUES (976, '433e7975', 'M', '433e7975@qq.com', 1);
INSERT INTO `t_emp` VALUES (977, 'bea73976', 'M', 'bea73976@qq.com', 1);
INSERT INTO `t_emp` VALUES (978, '27334977', 'M', '27334977@qq.com', 1);
INSERT INTO `t_emp` VALUES (979, '05860978', 'M', '05860978@qq.com', 1);
INSERT INTO `t_emp` VALUES (980, 'e0080979', 'M', 'e0080979@qq.com', 1);
INSERT INTO `t_emp` VALUES (981, 'cf688980', 'M', 'cf688980@qq.com', 1);
INSERT INTO `t_emp` VALUES (982, 'd9fcb981', 'M', 'd9fcb981@qq.com', 1);
INSERT INTO `t_emp` VALUES (983, '670cf982', 'M', '670cf982@qq.com', 1);
INSERT INTO `t_emp` VALUES (984, 'f9429983', 'M', 'f9429983@qq.com', 1);
INSERT INTO `t_emp` VALUES (985, '26bb0984', 'M', '26bb0984@qq.com', 1);
INSERT INTO `t_emp` VALUES (986, 'f2ba6985', 'M', 'f2ba6985@qq.com', 1);
INSERT INTO `t_emp` VALUES (987, '771da986', 'M', '771da986@qq.com', 1);
INSERT INTO `t_emp` VALUES (988, 'b9398987', 'M', 'b9398987@qq.com', 1);
INSERT INTO `t_emp` VALUES (989, 'c1eb2988', 'M', 'c1eb2988@qq.com', 1);
INSERT INTO `t_emp` VALUES (990, 'ce80e989', 'M', 'ce80e989@qq.com', 1);
INSERT INTO `t_emp` VALUES (991, '2fe2f990', 'M', '2fe2f990@qq.com', 1);
INSERT INTO `t_emp` VALUES (992, 'a31ab991', 'M', 'a31ab991@qq.com', 1);
INSERT INTO `t_emp` VALUES (993, 'f4bc9992', 'M', 'f4bc9992@qq.com', 1);
INSERT INTO `t_emp` VALUES (994, 'a72cd993', 'M', 'a72cd993@qq.com', 1);
INSERT INTO `t_emp` VALUES (995, '188d5994', 'M', '188d5994@qq.com', 1);
INSERT INTO `t_emp` VALUES (996, '5a6d7995', 'M', '5a6d7995@qq.com', 1);
INSERT INTO `t_emp` VALUES (997, '69637996', 'M', '69637996@qq.com', 1);
INSERT INTO `t_emp` VALUES (998, '84823997', 'M', '84823997@qq.com', 1);
INSERT INTO `t_emp` VALUES (999, '7085a998', 'M', '7085a998@qq.com', 1);
INSERT INTO `t_emp` VALUES (1000, '76766999', 'F', '76766999@qq.com', 1);
INSERT INTO `t_emp` VALUES (1013, 'ssdada', 'F', '22@qq.com', 1);

-- ----------------------------
-- Table structure for t_manager
-- ----------------------------
DROP TABLE IF EXISTS `t_manager`;
CREATE TABLE `t_manager`  (
  `uid` int NOT NULL AUTO_INCREMENT,
  `username` varchar(255) CHARACTER SET utf8 COLLATE utf8_general_ci NULL DEFAULT NULL,
  PRIMARY KEY (`uid`) USING BTREE,
  CONSTRAINT `fk_mgr_uid` FOREIGN KEY (`uid`) REFERENCES `t_usr` (`uid`) ON DELETE RESTRICT ON UPDATE RESTRICT
) ENGINE = InnoDB AUTO_INCREMENT = 1006 CHARACTER SET = utf8 COLLATE = utf8_general_ci ROW_FORMAT = Dynamic;

-- ----------------------------
-- Records of t_manager
-- ----------------------------
INSERT INTO `t_manager` VALUES (1001, 'c47ba0');
INSERT INTO `t_manager` VALUES (1002, '69db51');
INSERT INTO `t_manager` VALUES (1003, '689792');
INSERT INTO `t_manager` VALUES (1004, 'e8b7f3');
INSERT INTO `t_manager` VALUES (1005, '8425e4');
INSERT INTO `t_manager` VALUES (1014, '曾强');

-- ----------------------------
-- Table structure for t_usr
-- ----------------------------
DROP TABLE IF EXISTS `t_usr`;
CREATE TABLE `t_usr`  (
  `uid` int NOT NULL AUTO_INCREMENT,
  `identity` char(1) CHARACTER SET utf8 COLLATE utf8_general_ci NULL DEFAULT NULL,
  `username` varchar(255) CHARACTER SET utf8 COLLATE utf8_general_ci NULL DEFAULT NULL,
  `password` varchar(255) CHARACTER SET utf8 COLLATE utf8_general_ci NULL DEFAULT NULL,
  PRIMARY KEY (`uid`) USING BTREE
) ENGINE = InnoDB AUTO_INCREMENT = 1014 CHARACTER SET = utf8 COLLATE = utf8_general_ci ROW_FORMAT = Dynamic;

-- ----------------------------
-- Records of t_usr
-- ----------------------------
INSERT INTO `t_usr` VALUES (1, '0', '084a30', '666');
INSERT INTO `t_usr` VALUES (2, '0', '7645d1', '666');
INSERT INTO `t_usr` VALUES (5, '0', '9bae24', '666');
INSERT INTO `t_usr` VALUES (6, '0', 'c9fad5', '666');
INSERT INTO `t_usr` VALUES (8, '0', '2f1197', '666');
INSERT INTO `t_usr` VALUES (9, '0', '530328', '666');
INSERT INTO `t_usr` VALUES (10, '0', '0137d9', '666');
INSERT INTO `t_usr` VALUES (11, '0', '4d60710', '666');
INSERT INTO `t_usr` VALUES (17, '0', '279ea16', '666');
INSERT INTO `t_usr` VALUES (18, '0', '51c0917', '666');
INSERT INTO `t_usr` VALUES (21, '0', '5f54a20', '666');
INSERT INTO `t_usr` VALUES (22, '0', '7f3bc21', '666');
INSERT INTO `t_usr` VALUES (25, '0', 'aa87224', '666');
INSERT INTO `t_usr` VALUES (26, '0', '5cbbe25', '666');
INSERT INTO `t_usr` VALUES (27, '0', 'fe3c926', '666');
INSERT INTO `t_usr` VALUES (28, '0', '8c91127', '666');
INSERT INTO `t_usr` VALUES (29, '0', 'f018d28', '666');
INSERT INTO `t_usr` VALUES (30, '0', 'bc55729', '666');
INSERT INTO `t_usr` VALUES (31, '0', 'bb99d30', '666');
INSERT INTO `t_usr` VALUES (32, '0', '0baac31', '666');
INSERT INTO `t_usr` VALUES (33, '0', 'e73fe32', '666');
INSERT INTO `t_usr` VALUES (34, '0', 'fb33b33', '666');
INSERT INTO `t_usr` VALUES (35, '0', 'b2cc334', '666');
INSERT INTO `t_usr` VALUES (36, '0', 'ccc9535', '666');
INSERT INTO `t_usr` VALUES (37, '0', 'f99a736', '666');
INSERT INTO `t_usr` VALUES (38, '0', '2dd2c37', '666');
INSERT INTO `t_usr` VALUES (39, '0', 'decee38', '666');
INSERT INTO `t_usr` VALUES (40, '0', '5d76739', '666');
INSERT INTO `t_usr` VALUES (41, '0', '35bf340', '666');
INSERT INTO `t_usr` VALUES (42, '0', '7a96341', '666');
INSERT INTO `t_usr` VALUES (43, '0', '3a92042', '666');
INSERT INTO `t_usr` VALUES (44, '0', '33ff843', '666');
INSERT INTO `t_usr` VALUES (45, '0', '5dd6b44', '666');
INSERT INTO `t_usr` VALUES (46, '0', 'd3a9245', '666');
INSERT INTO `t_usr` VALUES (47, '0', '88d2046', '666');
INSERT INTO `t_usr` VALUES (48, '0', 'a66a947', '666');
INSERT INTO `t_usr` VALUES (49, '0', '8358d48', '666');
INSERT INTO `t_usr` VALUES (50, '0', '4fa6649', '666');
INSERT INTO `t_usr` VALUES (51, '0', 'e1d8450', '666');
INSERT INTO `t_usr` VALUES (52, '0', '53dbb51', '666');
INSERT INTO `t_usr` VALUES (53, '0', '8bcce52', '666');
INSERT INTO `t_usr` VALUES (54, '0', '0c17553', '666');
INSERT INTO `t_usr` VALUES (55, '0', '9cd3a54', '666');
INSERT INTO `t_usr` VALUES (56, '0', 'e433f55', '666');
INSERT INTO `t_usr` VALUES (57, '0', '38efc56', '666');
INSERT INTO `t_usr` VALUES (58, '0', 'a483157', '666');
INSERT INTO `t_usr` VALUES (59, '0', '3be8358', '666');
INSERT INTO `t_usr` VALUES (60, '0', '6acc159', '666');
INSERT INTO `t_usr` VALUES (61, '0', '42e3860', '666');
INSERT INTO `t_usr` VALUES (62, '0', 'cc09c61', '666');
INSERT INTO `t_usr` VALUES (63, '0', '777a862', '666');
INSERT INTO `t_usr` VALUES (64, '0', 'c8c4163', '666');
INSERT INTO `t_usr` VALUES (65, '0', 'ff46964', '666');
INSERT INTO `t_usr` VALUES (66, '0', '970f165', '666');
INSERT INTO `t_usr` VALUES (67, '0', '68f3266', '666');
INSERT INTO `t_usr` VALUES (68, '0', '41dba67', '666');
INSERT INTO `t_usr` VALUES (69, '0', '3c8ae68', '666');
INSERT INTO `t_usr` VALUES (70, '0', '5c41969', '666');
INSERT INTO `t_usr` VALUES (71, '0', 'dc62d70', '666');
INSERT INTO `t_usr` VALUES (72, '0', '2e8dc71', '666');
INSERT INTO `t_usr` VALUES (73, '0', '0264f72', '666');
INSERT INTO `t_usr` VALUES (74, '0', '9387873', '666');
INSERT INTO `t_usr` VALUES (75, '0', 'c718f74', '666');
INSERT INTO `t_usr` VALUES (76, '0', 'eead475', '666');
INSERT INTO `t_usr` VALUES (77, '0', '7961d76', '666');
INSERT INTO `t_usr` VALUES (78, '0', '07df277', '666');
INSERT INTO `t_usr` VALUES (79, '0', 'b3dd178', '666');
INSERT INTO `t_usr` VALUES (80, '0', '7977e79', '666');
INSERT INTO `t_usr` VALUES (81, '0', '3f8c780', '666');
INSERT INTO `t_usr` VALUES (82, '0', '5b70681', '666');
INSERT INTO `t_usr` VALUES (83, '0', '3e08182', '666');
INSERT INTO `t_usr` VALUES (84, '0', '6c5de83', '666');
INSERT INTO `t_usr` VALUES (85, '0', '5946c84', '666');
INSERT INTO `t_usr` VALUES (86, '0', '6158085', '666');
INSERT INTO `t_usr` VALUES (87, '0', '1474486', '666');
INSERT INTO `t_usr` VALUES (88, '0', 'c896887', '666');
INSERT INTO `t_usr` VALUES (89, '0', '77c8188', '666');
INSERT INTO `t_usr` VALUES (90, '0', '3b31889', '666');
INSERT INTO `t_usr` VALUES (91, '0', '17aa090', '666');
INSERT INTO `t_usr` VALUES (92, '0', 'cfc9491', '666');
INSERT INTO `t_usr` VALUES (93, '0', '3b54092', '666');
INSERT INTO `t_usr` VALUES (94, '0', 'e270893', '666');
INSERT INTO `t_usr` VALUES (95, '0', '96d6894', '666');
INSERT INTO `t_usr` VALUES (96, '0', '30b4095', '666');
INSERT INTO `t_usr` VALUES (97, '0', '4f0b596', '666');
INSERT INTO `t_usr` VALUES (98, '0', 'e990797', '666');
INSERT INTO `t_usr` VALUES (99, '0', '76ac898', '666');
INSERT INTO `t_usr` VALUES (100, '0', '72d4699', '666');
INSERT INTO `t_usr` VALUES (101, '0', 'bd75a100', '666');
INSERT INTO `t_usr` VALUES (102, '0', 'b734c101', '666');
INSERT INTO `t_usr` VALUES (103, '0', '4ded0102', '666');
INSERT INTO `t_usr` VALUES (104, '0', '586e8103', '666');
INSERT INTO `t_usr` VALUES (105, '0', '81ead104', '666');
INSERT INTO `t_usr` VALUES (106, '0', '78ef9105', '666');
INSERT INTO `t_usr` VALUES (107, '0', '05b38106', '666');
INSERT INTO `t_usr` VALUES (108, '0', 'f3573107', '666');
INSERT INTO `t_usr` VALUES (109, '0', '1c0ee108', '666');
INSERT INTO `t_usr` VALUES (110, '0', '8ed70109', '666');
INSERT INTO `t_usr` VALUES (111, '0', '6c4b3110', '666');
INSERT INTO `t_usr` VALUES (112, '0', '61005111', '666');
INSERT INTO `t_usr` VALUES (113, '0', '098aa112', '666');
INSERT INTO `t_usr` VALUES (114, '0', 'dd457113', '666');
INSERT INTO `t_usr` VALUES (115, '0', '698d2114', '666');
INSERT INTO `t_usr` VALUES (116, '0', '1da2a115', '666');
INSERT INTO `t_usr` VALUES (117, '0', 'c2229116', '666');
INSERT INTO `t_usr` VALUES (118, '0', '243d5117', '666');
INSERT INTO `t_usr` VALUES (119, '0', 'b7259118', '666');
INSERT INTO `t_usr` VALUES (120, '0', 'bbd3d119', '666');
INSERT INTO `t_usr` VALUES (121, '0', 'f69e6120', '666');
INSERT INTO `t_usr` VALUES (122, '0', '60705121', '666');
INSERT INTO `t_usr` VALUES (123, '0', '5a7f9122', '666');
INSERT INTO `t_usr` VALUES (124, '0', 'bb5db123', '666');
INSERT INTO `t_usr` VALUES (125, '0', '8cb64124', '666');
INSERT INTO `t_usr` VALUES (126, '0', '71d39125', '666');
INSERT INTO `t_usr` VALUES (127, '0', '76715126', '666');
INSERT INTO `t_usr` VALUES (128, '0', '5b058127', '666');
INSERT INTO `t_usr` VALUES (129, '0', '11a31128', '666');
INSERT INTO `t_usr` VALUES (130, '0', '1701c129', '666');
INSERT INTO `t_usr` VALUES (131, '0', 'a6002130', '666');
INSERT INTO `t_usr` VALUES (132, '0', '57ada131', '666');
INSERT INTO `t_usr` VALUES (133, '0', '81804132', '666');
INSERT INTO `t_usr` VALUES (134, '0', '2af30133', '666');
INSERT INTO `t_usr` VALUES (135, '0', '2823c134', '666');
INSERT INTO `t_usr` VALUES (136, '0', '63e3a135', '666');
INSERT INTO `t_usr` VALUES (137, '0', '769a4136', '666');
INSERT INTO `t_usr` VALUES (138, '0', 'a9102137', '666');
INSERT INTO `t_usr` VALUES (139, '0', 'a0866138', '666');
INSERT INTO `t_usr` VALUES (140, '0', '687f3139', '666');
INSERT INTO `t_usr` VALUES (141, '0', 'e4326140', '666');
INSERT INTO `t_usr` VALUES (142, '0', '2f2c7141', '666');
INSERT INTO `t_usr` VALUES (143, '0', 'fda80142', '666');
INSERT INTO `t_usr` VALUES (144, '0', '23130143', '666');
INSERT INTO `t_usr` VALUES (145, '0', '07835144', '666');
INSERT INTO `t_usr` VALUES (146, '0', '449c8145', '666');
INSERT INTO `t_usr` VALUES (147, '0', '57042146', '666');
INSERT INTO `t_usr` VALUES (148, '0', 'e79fc147', '666');
INSERT INTO `t_usr` VALUES (149, '0', '957f6148', '666');
INSERT INTO `t_usr` VALUES (150, '0', 'b74fa149', '666');
INSERT INTO `t_usr` VALUES (151, '0', '05db6150', '666');
INSERT INTO `t_usr` VALUES (152, '0', '55d70151', '666');
INSERT INTO `t_usr` VALUES (153, '0', '652e5152', '666');
INSERT INTO `t_usr` VALUES (154, '0', '6d539153', '666');
INSERT INTO `t_usr` VALUES (155, '0', '5b94d154', '666');
INSERT INTO `t_usr` VALUES (156, '0', '80eb4155', '666');
INSERT INTO `t_usr` VALUES (157, '0', '2675c156', '666');
INSERT INTO `t_usr` VALUES (158, '0', '6d627157', '666');
INSERT INTO `t_usr` VALUES (159, '0', '60a3b158', '666');
INSERT INTO `t_usr` VALUES (160, '0', 'a0504159', '666');
INSERT INTO `t_usr` VALUES (161, '0', 'e724a160', '666');
INSERT INTO `t_usr` VALUES (162, '0', '1735f161', '666');
INSERT INTO `t_usr` VALUES (163, '0', '14d61162', '666');
INSERT INTO `t_usr` VALUES (164, '0', '8bdd6163', '666');
INSERT INTO `t_usr` VALUES (165, '0', 'ecd7e164', '666');
INSERT INTO `t_usr` VALUES (166, '0', 'd35eb165', '666');
INSERT INTO `t_usr` VALUES (167, '0', '3b1ea166', '666');
INSERT INTO `t_usr` VALUES (168, '0', 'e2514167', '666');
INSERT INTO `t_usr` VALUES (169, '0', '14ddd168', '666');
INSERT INTO `t_usr` VALUES (170, '0', '23265169', '666');
INSERT INTO `t_usr` VALUES (171, '0', 'f2e1b170', '666');
INSERT INTO `t_usr` VALUES (172, '0', '885f0171', '666');
INSERT INTO `t_usr` VALUES (173, '0', 'e06a9172', '666');
INSERT INTO `t_usr` VALUES (174, '0', '3526c173', '666');
INSERT INTO `t_usr` VALUES (175, '0', '82eca174', '666');
INSERT INTO `t_usr` VALUES (176, '0', 'f712c175', '666');
INSERT INTO `t_usr` VALUES (177, '0', 'c2efe176', '666');
INSERT INTO `t_usr` VALUES (178, '0', 'cacf9177', '666');
INSERT INTO `t_usr` VALUES (179, '0', 'd5835178', '666');
INSERT INTO `t_usr` VALUES (180, '0', 'c56fa179', '666');
INSERT INTO `t_usr` VALUES (181, '0', '42ae5180', '666');
INSERT INTO `t_usr` VALUES (182, '0', 'a6877181', '666');
INSERT INTO `t_usr` VALUES (183, '0', '7a5a0182', '666');
INSERT INTO `t_usr` VALUES (184, '0', '0c74e183', '666');
INSERT INTO `t_usr` VALUES (185, '0', 'e02ff184', '666');
INSERT INTO `t_usr` VALUES (186, '0', '04123185', '666');
INSERT INTO `t_usr` VALUES (187, '0', 'fd275186', '666');
INSERT INTO `t_usr` VALUES (188, '0', '53332187', '666');
INSERT INTO `t_usr` VALUES (189, '0', '7c779188', '666');
INSERT INTO `t_usr` VALUES (190, '0', '05382189', '666');
INSERT INTO `t_usr` VALUES (191, '0', 'c5669190', '666');
INSERT INTO `t_usr` VALUES (192, '0', '32377191', '666');
INSERT INTO `t_usr` VALUES (193, '0', 'f4a80192', '666');
INSERT INTO `t_usr` VALUES (194, '0', 'dcfbd193', '666');
INSERT INTO `t_usr` VALUES (195, '0', 'cbc37194', '666');
INSERT INTO `t_usr` VALUES (196, '0', '3f3d5195', '666');
INSERT INTO `t_usr` VALUES (197, '0', 'f73dd196', '666');
INSERT INTO `t_usr` VALUES (198, '0', '744f2197', '666');
INSERT INTO `t_usr` VALUES (199, '0', '337a4198', '666');
INSERT INTO `t_usr` VALUES (200, '0', '9b2a5199', '666');
INSERT INTO `t_usr` VALUES (201, '0', 'ffdd8200', '666');
INSERT INTO `t_usr` VALUES (202, '0', 'f27df201', '666');
INSERT INTO `t_usr` VALUES (203, '0', '31ead202', '666');
INSERT INTO `t_usr` VALUES (204, '0', '8fa7d203', '666');
INSERT INTO `t_usr` VALUES (205, '0', '2cf51204', '666');
INSERT INTO `t_usr` VALUES (206, '0', '1dded205', '666');
INSERT INTO `t_usr` VALUES (207, '0', 'fd302206', '666');
INSERT INTO `t_usr` VALUES (208, '0', 'bba60207', '666');
INSERT INTO `t_usr` VALUES (209, '0', '83253208', '666');
INSERT INTO `t_usr` VALUES (210, '0', 'd08da209', '666');
INSERT INTO `t_usr` VALUES (211, '0', '9d7d4210', '666');
INSERT INTO `t_usr` VALUES (212, '0', '539e3211', '666');
INSERT INTO `t_usr` VALUES (213, '0', '896b0212', '666');
INSERT INTO `t_usr` VALUES (214, '0', '2cc48213', '666');
INSERT INTO `t_usr` VALUES (215, '0', 'bdc77214', '666');
INSERT INTO `t_usr` VALUES (216, '0', '1c503215', '666');
INSERT INTO `t_usr` VALUES (217, '0', '03e7c216', '666');
INSERT INTO `t_usr` VALUES (218, '0', 'f1b07217', '666');
INSERT INTO `t_usr` VALUES (219, '0', '0c848218', '666');
INSERT INTO `t_usr` VALUES (220, '0', 'd16ac219', '666');
INSERT INTO `t_usr` VALUES (221, '0', 'dfb02220', '666');
INSERT INTO `t_usr` VALUES (222, '0', '8feb6221', '666');
INSERT INTO `t_usr` VALUES (223, '0', '88033222', '666');
INSERT INTO `t_usr` VALUES (224, '0', 'ca6d1223', '666');
INSERT INTO `t_usr` VALUES (225, '0', '82cca224', '666');
INSERT INTO `t_usr` VALUES (226, '0', 'd0860225', '666');
INSERT INTO `t_usr` VALUES (227, '0', '4ef28226', '666');
INSERT INTO `t_usr` VALUES (228, '0', 'f92c1227', '666');
INSERT INTO `t_usr` VALUES (229, '0', '446c5228', '666');
INSERT INTO `t_usr` VALUES (230, '0', 'acdde229', '666');
INSERT INTO `t_usr` VALUES (231, '0', '19005230', '666');
INSERT INTO `t_usr` VALUES (232, '0', '57fad231', '666');
INSERT INTO `t_usr` VALUES (233, '0', 'dfc49232', '666');
INSERT INTO `t_usr` VALUES (234, '0', '94d58233', '666');
INSERT INTO `t_usr` VALUES (235, '0', 'f8c7a234', '666');
INSERT INTO `t_usr` VALUES (236, '0', '5df7e235', '666');
INSERT INTO `t_usr` VALUES (237, '0', '37063236', '666');
INSERT INTO `t_usr` VALUES (238, '0', 'bb3f7237', '666');
INSERT INTO `t_usr` VALUES (239, '0', 'fefda238', '666');
INSERT INTO `t_usr` VALUES (240, '0', '90493239', '666');
INSERT INTO `t_usr` VALUES (241, '0', '64e2d240', '666');
INSERT INTO `t_usr` VALUES (242, '0', 'ad9fd241', '666');
INSERT INTO `t_usr` VALUES (243, '0', '63ffa242', '666');
INSERT INTO `t_usr` VALUES (244, '0', '91ddd243', '666');
INSERT INTO `t_usr` VALUES (245, '0', 'f7ad5244', '666');
INSERT INTO `t_usr` VALUES (246, '0', 'd3616245', '666');
INSERT INTO `t_usr` VALUES (247, '0', '9f155246', '666');
INSERT INTO `t_usr` VALUES (248, '0', 'a1b09247', '666');
INSERT INTO `t_usr` VALUES (249, '0', 'd436d248', '666');
INSERT INTO `t_usr` VALUES (250, '0', 'ac6df249', '666');
INSERT INTO `t_usr` VALUES (251, '0', 'da23d250', '666');
INSERT INTO `t_usr` VALUES (252, '0', 'ba587251', '666');
INSERT INTO `t_usr` VALUES (253, '0', 'a7301252', '666');
INSERT INTO `t_usr` VALUES (254, '0', '4bfc3253', '666');
INSERT INTO `t_usr` VALUES (255, '0', 'dfb44254', '666');
INSERT INTO `t_usr` VALUES (256, '0', 'cc056255', '666');
INSERT INTO `t_usr` VALUES (257, '0', '54c83256', '666');
INSERT INTO `t_usr` VALUES (258, '0', '27822257', '666');
INSERT INTO `t_usr` VALUES (259, '0', '04930258', '666');
INSERT INTO `t_usr` VALUES (260, '0', '88305259', '666');
INSERT INTO `t_usr` VALUES (261, '0', '29dd7260', '666');
INSERT INTO `t_usr` VALUES (262, '0', '19b57261', '666');
INSERT INTO `t_usr` VALUES (263, '0', '89c75262', '666');
INSERT INTO `t_usr` VALUES (264, '0', 'f28bb263', '666');
INSERT INTO `t_usr` VALUES (265, '0', '1fe4b264', '666');
INSERT INTO `t_usr` VALUES (266, '0', '5f720265', '666');
INSERT INTO `t_usr` VALUES (267, '0', '1be85266', '666');
INSERT INTO `t_usr` VALUES (268, '0', '370b4267', '666');
INSERT INTO `t_usr` VALUES (269, '0', '537c0268', '666');
INSERT INTO `t_usr` VALUES (270, '0', 'ea850269', '666');
INSERT INTO `t_usr` VALUES (271, '0', '97f6b270', '666');
INSERT INTO `t_usr` VALUES (272, '0', '44f7f271', '666');
INSERT INTO `t_usr` VALUES (273, '0', 'b5f89272', '666');
INSERT INTO `t_usr` VALUES (274, '0', '38735273', '666');
INSERT INTO `t_usr` VALUES (275, '0', '0e2c0274', '666');
INSERT INTO `t_usr` VALUES (276, '0', 'bbd16275', '666');
INSERT INTO `t_usr` VALUES (277, '0', '5bde2276', '666');
INSERT INTO `t_usr` VALUES (278, '0', '8a277277', '666');
INSERT INTO `t_usr` VALUES (279, '0', '6e8ea278', '666');
INSERT INTO `t_usr` VALUES (280, '0', '1c387279', '666');
INSERT INTO `t_usr` VALUES (281, '0', '38ea7280', '666');
INSERT INTO `t_usr` VALUES (282, '0', 'cddc1281', '666');
INSERT INTO `t_usr` VALUES (283, '0', '922c2282', '666');
INSERT INTO `t_usr` VALUES (284, '0', '8da80283', '666');
INSERT INTO `t_usr` VALUES (285, '0', '10d0c284', '666');
INSERT INTO `t_usr` VALUES (286, '0', '36966285', '666');
INSERT INTO `t_usr` VALUES (287, '0', '060ab286', '666');
INSERT INTO `t_usr` VALUES (288, '0', '26075287', '666');
INSERT INTO `t_usr` VALUES (289, '0', '843cc288', '666');
INSERT INTO `t_usr` VALUES (290, '0', '1ff9e289', '666');
INSERT INTO `t_usr` VALUES (291, '0', '7d295290', '666');
INSERT INTO `t_usr` VALUES (292, '0', 'd5fa3291', '666');
INSERT INTO `t_usr` VALUES (293, '0', '298fe292', '666');
INSERT INTO `t_usr` VALUES (294, '0', '55a48293', '666');
INSERT INTO `t_usr` VALUES (295, '0', 'e402e294', '666');
INSERT INTO `t_usr` VALUES (296, '0', '6ef14295', '666');
INSERT INTO `t_usr` VALUES (297, '0', '8c427296', '666');
INSERT INTO `t_usr` VALUES (298, '0', '89e82297', '666');
INSERT INTO `t_usr` VALUES (299, '0', 'ec5f9298', '666');
INSERT INTO `t_usr` VALUES (300, '0', 'e3c0a299', '666');
INSERT INTO `t_usr` VALUES (301, '0', '9677b300', '666');
INSERT INTO `t_usr` VALUES (302, '0', '90644301', '666');
INSERT INTO `t_usr` VALUES (303, '0', 'dd28c302', '666');
INSERT INTO `t_usr` VALUES (304, '0', '54498303', '666');
INSERT INTO `t_usr` VALUES (305, '0', '4e491304', '666');
INSERT INTO `t_usr` VALUES (306, '0', 'c1d6c305', '666');
INSERT INTO `t_usr` VALUES (307, '0', '4826b306', '666');
INSERT INTO `t_usr` VALUES (308, '0', '5a70e307', '666');
INSERT INTO `t_usr` VALUES (309, '0', '5628f308', '666');
INSERT INTO `t_usr` VALUES (310, '0', 'f31c6309', '666');
INSERT INTO `t_usr` VALUES (311, '0', 'e88ca310', '666');
INSERT INTO `t_usr` VALUES (312, '0', '00304311', '666');
INSERT INTO `t_usr` VALUES (313, '0', 'b614a312', '666');
INSERT INTO `t_usr` VALUES (314, '0', '277cb313', '666');
INSERT INTO `t_usr` VALUES (315, '0', '63010314', '666');
INSERT INTO `t_usr` VALUES (316, '0', '2dd09315', '666');
INSERT INTO `t_usr` VALUES (317, '0', '1f33c316', '666');
INSERT INTO `t_usr` VALUES (318, '0', '6fa3b317', '666');
INSERT INTO `t_usr` VALUES (319, '0', '6fdf0318', '666');
INSERT INTO `t_usr` VALUES (320, '0', 'f0c1a319', '666');
INSERT INTO `t_usr` VALUES (321, '0', '6f560320', '666');
INSERT INTO `t_usr` VALUES (322, '0', 'd9c33321', '666');
INSERT INTO `t_usr` VALUES (323, '0', '73fd5322', '666');
INSERT INTO `t_usr` VALUES (324, '0', 'cfa9e323', '666');
INSERT INTO `t_usr` VALUES (325, '0', '4bfb5324', '666');
INSERT INTO `t_usr` VALUES (326, '0', '58398325', '666');
INSERT INTO `t_usr` VALUES (327, '0', 'd6c9a326', '666');
INSERT INTO `t_usr` VALUES (328, '0', '19955327', '666');
INSERT INTO `t_usr` VALUES (329, '0', '52ac7328', '666');
INSERT INTO `t_usr` VALUES (330, '0', '8d651329', '666');
INSERT INTO `t_usr` VALUES (331, '0', '250b8330', '666');
INSERT INTO `t_usr` VALUES (332, '0', '66ed7331', '666');
INSERT INTO `t_usr` VALUES (333, '0', '4cae8332', '666');
INSERT INTO `t_usr` VALUES (334, '0', '5500d333', '666');
INSERT INTO `t_usr` VALUES (335, '0', '4caaa334', '666');
INSERT INTO `t_usr` VALUES (336, '0', 'd4405335', '666');
INSERT INTO `t_usr` VALUES (337, '0', '0dc63336', '666');
INSERT INTO `t_usr` VALUES (338, '0', '2c183337', '666');
INSERT INTO `t_usr` VALUES (339, '0', '5ca59338', '666');
INSERT INTO `t_usr` VALUES (340, '0', 'd9db6339', '666');
INSERT INTO `t_usr` VALUES (341, '0', '71769340', '666');
INSERT INTO `t_usr` VALUES (342, '0', '2a701341', '666');
INSERT INTO `t_usr` VALUES (343, '0', '71d05342', '666');
INSERT INTO `t_usr` VALUES (344, '0', '7b969343', '666');
INSERT INTO `t_usr` VALUES (345, '0', 'e6db9344', '666');
INSERT INTO `t_usr` VALUES (346, '0', 'b41d4345', '666');
INSERT INTO `t_usr` VALUES (347, '0', '4e3d8346', '666');
INSERT INTO `t_usr` VALUES (348, '0', 'c80ce347', '666');
INSERT INTO `t_usr` VALUES (349, '0', 'b198c348', '666');
INSERT INTO `t_usr` VALUES (350, '0', 'd55b9349', '666');
INSERT INTO `t_usr` VALUES (351, '0', '9ec88350', '666');
INSERT INTO `t_usr` VALUES (352, '0', '0d7bf351', '666');
INSERT INTO `t_usr` VALUES (353, '0', 'c95ed352', '666');
INSERT INTO `t_usr` VALUES (354, '0', '0faa3353', '666');
INSERT INTO `t_usr` VALUES (355, '0', '34e3b354', '666');
INSERT INTO `t_usr` VALUES (356, '0', 'aad36355', '666');
INSERT INTO `t_usr` VALUES (357, '0', '77221356', '666');
INSERT INTO `t_usr` VALUES (358, '0', '1b562357', '666');
INSERT INTO `t_usr` VALUES (359, '0', 'f1e5a358', '666');
INSERT INTO `t_usr` VALUES (360, '0', 'd1446359', '666');
INSERT INTO `t_usr` VALUES (361, '0', '0fb98360', '666');
INSERT INTO `t_usr` VALUES (362, '0', '021cf361', '666');
INSERT INTO `t_usr` VALUES (363, '0', '7f2e4362', '666');
INSERT INTO `t_usr` VALUES (364, '0', 'be2a4363', '666');
INSERT INTO `t_usr` VALUES (365, '0', '1d955364', '666');
INSERT INTO `t_usr` VALUES (366, '0', 'b0114365', '666');
INSERT INTO `t_usr` VALUES (367, '0', '9c0ed366', '666');
INSERT INTO `t_usr` VALUES (368, '0', '8618e367', '666');
INSERT INTO `t_usr` VALUES (369, '0', '77c79368', '666');
INSERT INTO `t_usr` VALUES (370, '0', '5faa1369', '666');
INSERT INTO `t_usr` VALUES (371, '0', '431a7370', '666');
INSERT INTO `t_usr` VALUES (372, '0', '1dd6b371', '666');
INSERT INTO `t_usr` VALUES (373, '0', 'd5d78372', '666');
INSERT INTO `t_usr` VALUES (374, '0', '6692e373', '666');
INSERT INTO `t_usr` VALUES (375, '0', 'd77f0374', '666');
INSERT INTO `t_usr` VALUES (376, '0', 'ae567375', '666');
INSERT INTO `t_usr` VALUES (377, '0', '772ee376', '666');
INSERT INTO `t_usr` VALUES (378, '0', '65fbb377', '666');
INSERT INTO `t_usr` VALUES (379, '0', 'a2d51378', '666');
INSERT INTO `t_usr` VALUES (380, '0', '513f7379', '666');
INSERT INTO `t_usr` VALUES (381, '0', 'a1297380', '666');
INSERT INTO `t_usr` VALUES (382, '0', '92418381', '666');
INSERT INTO `t_usr` VALUES (383, '0', '3cce8382', '666');
INSERT INTO `t_usr` VALUES (384, '0', 'c3682383', '666');
INSERT INTO `t_usr` VALUES (385, '0', '266b2384', '666');
INSERT INTO `t_usr` VALUES (386, '0', '5acd7385', '666');
INSERT INTO `t_usr` VALUES (387, '0', '36e89386', '666');
INSERT INTO `t_usr` VALUES (388, '0', '5a856387', '666');
INSERT INTO `t_usr` VALUES (389, '0', 'ed69a388', '666');
INSERT INTO `t_usr` VALUES (390, '0', 'e8ee8389', '666');
INSERT INTO `t_usr` VALUES (391, '0', '49e32390', '666');
INSERT INTO `t_usr` VALUES (392, '0', '121b0391', '666');
INSERT INTO `t_usr` VALUES (393, '0', '45cf1392', '666');
INSERT INTO `t_usr` VALUES (394, '0', '9bb25393', '666');
INSERT INTO `t_usr` VALUES (395, '0', '3c9ef394', '666');
INSERT INTO `t_usr` VALUES (396, '0', 'cf798395', '666');
INSERT INTO `t_usr` VALUES (397, '0', '55976396', '666');
INSERT INTO `t_usr` VALUES (398, '0', '889ed397', '666');
INSERT INTO `t_usr` VALUES (399, '0', '0a109398', '666');
INSERT INTO `t_usr` VALUES (400, '0', '50bc3399', '666');
INSERT INTO `t_usr` VALUES (401, '0', 'ea805400', '666');
INSERT INTO `t_usr` VALUES (402, '0', '5d594401', '666');
INSERT INTO `t_usr` VALUES (403, '0', 'df095402', '666');
INSERT INTO `t_usr` VALUES (404, '0', '96576403', '666');
INSERT INTO `t_usr` VALUES (405, '0', '46288404', '666');
INSERT INTO `t_usr` VALUES (406, '0', '98e92405', '666');
INSERT INTO `t_usr` VALUES (407, '0', '1adbb406', '666');
INSERT INTO `t_usr` VALUES (408, '0', '82c54407', '666');
INSERT INTO `t_usr` VALUES (409, '0', '0d921408', '666');
INSERT INTO `t_usr` VALUES (410, '0', '25be7409', '666');
INSERT INTO `t_usr` VALUES (411, '0', '5516d410', '666');
INSERT INTO `t_usr` VALUES (412, '0', '20dc8411', '666');
INSERT INTO `t_usr` VALUES (413, '0', '8570c412', '666');
INSERT INTO `t_usr` VALUES (414, '0', '74803413', '666');
INSERT INTO `t_usr` VALUES (415, '0', 'ee37f414', '666');
INSERT INTO `t_usr` VALUES (416, '0', 'dc3af415', '666');
INSERT INTO `t_usr` VALUES (417, '0', '8feaf416', '666');
INSERT INTO `t_usr` VALUES (418, '0', '739cc417', '666');
INSERT INTO `t_usr` VALUES (419, '0', '79b12418', '666');
INSERT INTO `t_usr` VALUES (420, '0', '3988c419', '666');
INSERT INTO `t_usr` VALUES (421, '0', 'c54f2420', '666');
INSERT INTO `t_usr` VALUES (422, '0', '8f9d1421', '666');
INSERT INTO `t_usr` VALUES (423, '0', 'd9afb422', '666');
INSERT INTO `t_usr` VALUES (424, '0', '08944423', '666');
INSERT INTO `t_usr` VALUES (425, '0', '41978424', '666');
INSERT INTO `t_usr` VALUES (426, '0', '1d98e425', '666');
INSERT INTO `t_usr` VALUES (427, '0', 'd1ec0426', '666');
INSERT INTO `t_usr` VALUES (428, '0', '05bd3427', '666');
INSERT INTO `t_usr` VALUES (429, '0', '9c2f9428', '666');
INSERT INTO `t_usr` VALUES (430, '0', 'f7721429', '666');
INSERT INTO `t_usr` VALUES (431, '0', '121f9430', '666');
INSERT INTO `t_usr` VALUES (432, '0', 'db300431', '666');
INSERT INTO `t_usr` VALUES (433, '0', 'a7639432', '666');
INSERT INTO `t_usr` VALUES (434, '0', 'c150a433', '666');
INSERT INTO `t_usr` VALUES (435, '0', 'ab62d434', '666');
INSERT INTO `t_usr` VALUES (436, '0', '6a6c3435', '666');
INSERT INTO `t_usr` VALUES (437, '0', 'efdd6436', '666');
INSERT INTO `t_usr` VALUES (438, '0', '84ae8437', '666');
INSERT INTO `t_usr` VALUES (439, '0', '463d2438', '666');
INSERT INTO `t_usr` VALUES (440, '0', 'f2edc439', '666');
INSERT INTO `t_usr` VALUES (441, '0', '07d01440', '666');
INSERT INTO `t_usr` VALUES (442, '0', 'fc6c0441', '666');
INSERT INTO `t_usr` VALUES (443, '0', 'e5595442', '666');
INSERT INTO `t_usr` VALUES (444, '0', '34cd6443', '666');
INSERT INTO `t_usr` VALUES (445, '0', '5310c444', '666');
INSERT INTO `t_usr` VALUES (446, '0', '2812e445', '666');
INSERT INTO `t_usr` VALUES (447, '0', '3d667446', '666');
INSERT INTO `t_usr` VALUES (448, '0', '1d74d447', '666');
INSERT INTO `t_usr` VALUES (449, '0', 'c3eba448', '666');
INSERT INTO `t_usr` VALUES (450, '0', '23433449', '666');
INSERT INTO `t_usr` VALUES (451, '0', '52c98450', '666');
INSERT INTO `t_usr` VALUES (452, '0', 'bfb64451', '666');
INSERT INTO `t_usr` VALUES (453, '0', '62954452', '666');
INSERT INTO `t_usr` VALUES (454, '0', '150a6453', '666');
INSERT INTO `t_usr` VALUES (455, '0', '9c139454', '666');
INSERT INTO `t_usr` VALUES (456, '0', 'af1b5455', '666');
INSERT INTO `t_usr` VALUES (457, '0', '86304456', '666');
INSERT INTO `t_usr` VALUES (458, '0', '791cf457', '666');
INSERT INTO `t_usr` VALUES (459, '0', 'b47ac458', '666');
INSERT INTO `t_usr` VALUES (460, '0', '7a20b459', '666');
INSERT INTO `t_usr` VALUES (461, '0', '2e306460', '666');
INSERT INTO `t_usr` VALUES (462, '0', 'aa6cb461', '666');
INSERT INTO `t_usr` VALUES (463, '0', 'c3f77462', '666');
INSERT INTO `t_usr` VALUES (464, '0', '32120463', '666');
INSERT INTO `t_usr` VALUES (465, '0', 'a3502464', '666');
INSERT INTO `t_usr` VALUES (466, '0', 'f5903465', '666');
INSERT INTO `t_usr` VALUES (467, '0', 'a174b466', '666');
INSERT INTO `t_usr` VALUES (468, '0', '114bc467', '666');
INSERT INTO `t_usr` VALUES (469, '0', 'bc73c468', '666');
INSERT INTO `t_usr` VALUES (470, '0', '5682b469', '666');
INSERT INTO `t_usr` VALUES (471, '0', '72b3f470', '666');
INSERT INTO `t_usr` VALUES (472, '0', 'dfc0d471', '666');
INSERT INTO `t_usr` VALUES (473, '0', '5f706472', '666');
INSERT INTO `t_usr` VALUES (474, '0', '8cd32473', '666');
INSERT INTO `t_usr` VALUES (475, '0', 'fabd3474', '666');
INSERT INTO `t_usr` VALUES (476, '0', '2d395475', '666');
INSERT INTO `t_usr` VALUES (477, '0', '738cf476', '666');
INSERT INTO `t_usr` VALUES (478, '0', '42e52477', '666');
INSERT INTO `t_usr` VALUES (479, '0', '7ceff478', '666');
INSERT INTO `t_usr` VALUES (480, '0', '8334a479', '666');
INSERT INTO `t_usr` VALUES (481, '0', '0af8b480', '666');
INSERT INTO `t_usr` VALUES (482, '0', 'be631481', '666');
INSERT INTO `t_usr` VALUES (483, '0', '92dcf482', '666');
INSERT INTO `t_usr` VALUES (484, '0', 'a024b483', '666');
INSERT INTO `t_usr` VALUES (485, '0', '137fd484', '666');
INSERT INTO `t_usr` VALUES (486, '0', '86a51485', '666');
INSERT INTO `t_usr` VALUES (487, '0', 'f1e59486', '666');
INSERT INTO `t_usr` VALUES (488, '0', '48022487', '666');
INSERT INTO `t_usr` VALUES (489, '0', '9b0ed488', '666');
INSERT INTO `t_usr` VALUES (490, '0', 'd4813489', '666');
INSERT INTO `t_usr` VALUES (491, '0', '4da0d490', '666');
INSERT INTO `t_usr` VALUES (492, '0', 'ecc7f491', '666');
INSERT INTO `t_usr` VALUES (493, '0', '51cf9492', '666');
INSERT INTO `t_usr` VALUES (494, '0', 'eff34493', '666');
INSERT INTO `t_usr` VALUES (495, '0', 'e4c00494', '666');
INSERT INTO `t_usr` VALUES (496, '0', '1d09e495', '666');
INSERT INTO `t_usr` VALUES (497, '0', '8baf5496', '666');
INSERT INTO `t_usr` VALUES (498, '0', 'b24ae497', '666');
INSERT INTO `t_usr` VALUES (499, '0', '4ca1d498', '666');
INSERT INTO `t_usr` VALUES (500, '0', 'c04b7499', '666');
INSERT INTO `t_usr` VALUES (501, '0', '58eea500', '666');
INSERT INTO `t_usr` VALUES (502, '0', '08ad4501', '666');
INSERT INTO `t_usr` VALUES (503, '0', '42e52502', '666');
INSERT INTO `t_usr` VALUES (504, '0', '7d3e7503', '666');
INSERT INTO `t_usr` VALUES (505, '0', '46242504', '666');
INSERT INTO `t_usr` VALUES (506, '0', 'bb378505', '666');
INSERT INTO `t_usr` VALUES (507, '0', '063ea506', '666');
INSERT INTO `t_usr` VALUES (508, '0', '2c90e507', '666');
INSERT INTO `t_usr` VALUES (509, '0', 'dffb3508', '666');
INSERT INTO `t_usr` VALUES (510, '0', '119e7509', '666');
INSERT INTO `t_usr` VALUES (511, '0', 'b42c0510', '666');
INSERT INTO `t_usr` VALUES (512, '0', 'a06df511', '666');
INSERT INTO `t_usr` VALUES (513, '0', 'db852512', '666');
INSERT INTO `t_usr` VALUES (514, '0', '82f8f513', '666');
INSERT INTO `t_usr` VALUES (515, '0', '05076514', '666');
INSERT INTO `t_usr` VALUES (516, '0', '30b42515', '666');
INSERT INTO `t_usr` VALUES (517, '0', '02dff516', '666');
INSERT INTO `t_usr` VALUES (518, '0', '17216517', '666');
INSERT INTO `t_usr` VALUES (519, '0', 'c446a518', '666');
INSERT INTO `t_usr` VALUES (520, '0', '23ab9519', '666');
INSERT INTO `t_usr` VALUES (521, '0', '0081a520', '666');
INSERT INTO `t_usr` VALUES (522, '0', '7eb4a521', '666');
INSERT INTO `t_usr` VALUES (523, '0', '1e292522', '666');
INSERT INTO `t_usr` VALUES (524, '0', '82dda523', '666');
INSERT INTO `t_usr` VALUES (525, '0', '42a1e524', '666');
INSERT INTO `t_usr` VALUES (526, '0', '11c66525', '666');
INSERT INTO `t_usr` VALUES (527, '0', '7115c526', '666');
INSERT INTO `t_usr` VALUES (528, '0', '01094527', '666');
INSERT INTO `t_usr` VALUES (529, '0', 'e3372528', '666');
INSERT INTO `t_usr` VALUES (530, '0', '2b09e529', '666');
INSERT INTO `t_usr` VALUES (531, '0', '076c3530', '666');
INSERT INTO `t_usr` VALUES (532, '0', '32c78531', '666');
INSERT INTO `t_usr` VALUES (533, '0', 'c1491532', '666');
INSERT INTO `t_usr` VALUES (534, '0', '54134533', '666');
INSERT INTO `t_usr` VALUES (535, '0', '5eeaf534', '666');
INSERT INTO `t_usr` VALUES (536, '0', 'f760b535', '666');
INSERT INTO `t_usr` VALUES (537, '0', 'faedf536', '666');
INSERT INTO `t_usr` VALUES (538, '0', '71149537', '666');
INSERT INTO `t_usr` VALUES (539, '0', '48aa9538', '666');
INSERT INTO `t_usr` VALUES (540, '0', 'bbf27539', '666');
INSERT INTO `t_usr` VALUES (541, '0', 'ab4fb540', '666');
INSERT INTO `t_usr` VALUES (542, '0', '46728541', '666');
INSERT INTO `t_usr` VALUES (543, '0', '1d58c542', '666');
INSERT INTO `t_usr` VALUES (544, '0', '0186f543', '666');
INSERT INTO `t_usr` VALUES (545, '0', 'dd22a544', '666');
INSERT INTO `t_usr` VALUES (546, '0', 'c737e545', '666');
INSERT INTO `t_usr` VALUES (547, '0', 'ce422546', '666');
INSERT INTO `t_usr` VALUES (548, '0', '00421547', '666');
INSERT INTO `t_usr` VALUES (549, '0', '000ce548', '666');
INSERT INTO `t_usr` VALUES (550, '0', '411cb549', '666');
INSERT INTO `t_usr` VALUES (551, '0', '36170550', '666');
INSERT INTO `t_usr` VALUES (552, '0', '7eb21551', '666');
INSERT INTO `t_usr` VALUES (553, '0', 'e39d1552', '666');
INSERT INTO `t_usr` VALUES (554, '0', '38fd1553', '666');
INSERT INTO `t_usr` VALUES (555, '0', 'a482e554', '666');
INSERT INTO `t_usr` VALUES (556, '0', '3abe0555', '666');
INSERT INTO `t_usr` VALUES (557, '0', '8cd0b556', '666');
INSERT INTO `t_usr` VALUES (558, '0', '4b865557', '666');
INSERT INTO `t_usr` VALUES (559, '0', '65585558', '666');
INSERT INTO `t_usr` VALUES (560, '0', '0ae55559', '666');
INSERT INTO `t_usr` VALUES (561, '0', '0eaa4560', '666');
INSERT INTO `t_usr` VALUES (562, '0', '06ad6561', '666');
INSERT INTO `t_usr` VALUES (563, '0', '679bc562', '666');
INSERT INTO `t_usr` VALUES (564, '0', '24ba7563', '666');
INSERT INTO `t_usr` VALUES (565, '0', '8e6fb564', '666');
INSERT INTO `t_usr` VALUES (566, '0', '8bfec565', '666');
INSERT INTO `t_usr` VALUES (567, '0', '70bb9566', '666');
INSERT INTO `t_usr` VALUES (568, '0', 'e02dc567', '666');
INSERT INTO `t_usr` VALUES (569, '0', '964d9568', '666');
INSERT INTO `t_usr` VALUES (570, '0', '215e3569', '666');
INSERT INTO `t_usr` VALUES (571, '0', '72ab4570', '666');
INSERT INTO `t_usr` VALUES (572, '0', '0ef16571', '666');
INSERT INTO `t_usr` VALUES (573, '0', '7060b572', '666');
INSERT INTO `t_usr` VALUES (574, '0', '5286b573', '666');
INSERT INTO `t_usr` VALUES (575, '0', 'f31ff574', '666');
INSERT INTO `t_usr` VALUES (576, '0', '7f4df575', '666');
INSERT INTO `t_usr` VALUES (577, '0', '8c0a3576', '666');
INSERT INTO `t_usr` VALUES (578, '0', '6bd12577', '666');
INSERT INTO `t_usr` VALUES (579, '0', '82542578', '666');
INSERT INTO `t_usr` VALUES (580, '0', '9cdf2579', '666');
INSERT INTO `t_usr` VALUES (581, '0', '670f3580', '666');
INSERT INTO `t_usr` VALUES (582, '0', 'b16fb581', '666');
INSERT INTO `t_usr` VALUES (583, '0', '62e63582', '666');
INSERT INTO `t_usr` VALUES (584, '0', '77ac6583', '666');
INSERT INTO `t_usr` VALUES (585, '0', '456bc584', '666');
INSERT INTO `t_usr` VALUES (586, '0', 'e9a1b585', '666');
INSERT INTO `t_usr` VALUES (587, '0', '5505e586', '666');
INSERT INTO `t_usr` VALUES (588, '0', 'a0476587', '666');
INSERT INTO `t_usr` VALUES (589, '0', 'c567c588', '666');
INSERT INTO `t_usr` VALUES (590, '0', '93294589', '666');
INSERT INTO `t_usr` VALUES (591, '0', '18e9a590', '666');
INSERT INTO `t_usr` VALUES (592, '0', '3ce3a591', '666');
INSERT INTO `t_usr` VALUES (593, '0', 'f66a8592', '666');
INSERT INTO `t_usr` VALUES (594, '0', '7d2fa593', '666');
INSERT INTO `t_usr` VALUES (595, '0', '733a7594', '666');
INSERT INTO `t_usr` VALUES (596, '0', '0a32f595', '666');
INSERT INTO `t_usr` VALUES (597, '0', 'e7e01596', '666');
INSERT INTO `t_usr` VALUES (598, '0', '82544597', '666');
INSERT INTO `t_usr` VALUES (599, '0', '5fca4598', '666');
INSERT INTO `t_usr` VALUES (600, '0', '13d2a599', '666');
INSERT INTO `t_usr` VALUES (601, '0', '9cc22600', '666');
INSERT INTO `t_usr` VALUES (602, '0', '333d7601', '666');
INSERT INTO `t_usr` VALUES (603, '0', '68811602', '666');
INSERT INTO `t_usr` VALUES (604, '0', '1cf51603', '666');
INSERT INTO `t_usr` VALUES (605, '0', '781a8604', '666');
INSERT INTO `t_usr` VALUES (606, '0', '4f71d605', '666');
INSERT INTO `t_usr` VALUES (607, '0', '13dad606', '666');
INSERT INTO `t_usr` VALUES (608, '0', 'b8504607', '666');
INSERT INTO `t_usr` VALUES (609, '0', '9d45d608', '666');
INSERT INTO `t_usr` VALUES (610, '0', '52024609', '666');
INSERT INTO `t_usr` VALUES (611, '0', 'ee5a1610', '666');
INSERT INTO `t_usr` VALUES (612, '0', 'aa061611', '666');
INSERT INTO `t_usr` VALUES (613, '0', '2dc5b612', '666');
INSERT INTO `t_usr` VALUES (614, '0', 'b4e0e613', '666');
INSERT INTO `t_usr` VALUES (615, '0', '1fb98614', '666');
INSERT INTO `t_usr` VALUES (616, '0', 'd6bd4615', '666');
INSERT INTO `t_usr` VALUES (617, '0', '0255a616', '666');
INSERT INTO `t_usr` VALUES (618, '0', '3a502617', '666');
INSERT INTO `t_usr` VALUES (619, '0', '0aec3618', '666');
INSERT INTO `t_usr` VALUES (620, '0', '502f7619', '666');
INSERT INTO `t_usr` VALUES (621, '0', '581c8620', '666');
INSERT INTO `t_usr` VALUES (622, '0', '7714a621', '666');
INSERT INTO `t_usr` VALUES (623, '0', '0f908622', '666');
INSERT INTO `t_usr` VALUES (624, '0', '9f71e623', '666');
INSERT INTO `t_usr` VALUES (625, '0', '01f72624', '666');
INSERT INTO `t_usr` VALUES (626, '0', 'c2e8d625', '666');
INSERT INTO `t_usr` VALUES (627, '0', 'c0e0c626', '666');
INSERT INTO `t_usr` VALUES (628, '0', 'ebab4627', '666');
INSERT INTO `t_usr` VALUES (629, '0', 'e8fab628', '666');
INSERT INTO `t_usr` VALUES (630, '0', '7a89d629', '666');
INSERT INTO `t_usr` VALUES (631, '0', '3947e630', '666');
INSERT INTO `t_usr` VALUES (632, '0', '03c8b631', '666');
INSERT INTO `t_usr` VALUES (633, '0', 'a0a06632', '666');
INSERT INTO `t_usr` VALUES (634, '0', '2847f633', '666');
INSERT INTO `t_usr` VALUES (635, '0', 'acdbb634', '666');
INSERT INTO `t_usr` VALUES (636, '0', '7c731635', '666');
INSERT INTO `t_usr` VALUES (637, '0', '55a02636', '666');
INSERT INTO `t_usr` VALUES (638, '0', 'e86ee637', '666');
INSERT INTO `t_usr` VALUES (639, '0', '83177638', '666');
INSERT INTO `t_usr` VALUES (640, '0', '34bb1639', '666');
INSERT INTO `t_usr` VALUES (641, '0', '9a59f640', '666');
INSERT INTO `t_usr` VALUES (642, '0', '8f91d641', '666');
INSERT INTO `t_usr` VALUES (643, '0', '3a56d642', '666');
INSERT INTO `t_usr` VALUES (644, '0', '88b3f643', '666');
INSERT INTO `t_usr` VALUES (645, '0', '20b68644', '666');
INSERT INTO `t_usr` VALUES (646, '0', '94a48645', '666');
INSERT INTO `t_usr` VALUES (647, '0', '127da646', '666');
INSERT INTO `t_usr` VALUES (648, '0', '50ede647', '666');
INSERT INTO `t_usr` VALUES (649, '0', '4c5cc648', '666');
INSERT INTO `t_usr` VALUES (650, '0', '07108649', '666');
INSERT INTO `t_usr` VALUES (651, '0', 'cb88a650', '666');
INSERT INTO `t_usr` VALUES (652, '0', '00879651', '666');
INSERT INTO `t_usr` VALUES (653, '0', '99429652', '666');
INSERT INTO `t_usr` VALUES (654, '0', 'a380b653', '666');
INSERT INTO `t_usr` VALUES (655, '0', '7a112654', '666');
INSERT INTO `t_usr` VALUES (656, '0', 'e0033655', '666');
INSERT INTO `t_usr` VALUES (657, '0', '776fd656', '666');
INSERT INTO `t_usr` VALUES (658, '0', '84870657', '666');
INSERT INTO `t_usr` VALUES (659, '0', '559e8658', '666');
INSERT INTO `t_usr` VALUES (660, '0', 'c7bf4659', '666');
INSERT INTO `t_usr` VALUES (661, '0', 'e4467660', '666');
INSERT INTO `t_usr` VALUES (662, '0', '1f670661', '666');
INSERT INTO `t_usr` VALUES (663, '0', 'bbc70662', '666');
INSERT INTO `t_usr` VALUES (664, '0', '277c1663', '666');
INSERT INTO `t_usr` VALUES (665, '0', '28f89664', '666');
INSERT INTO `t_usr` VALUES (666, '0', 'bb782665', '666');
INSERT INTO `t_usr` VALUES (667, '0', 'bf63f666', '666');
INSERT INTO `t_usr` VALUES (668, '0', 'a7639667', '666');
INSERT INTO `t_usr` VALUES (669, '0', '6387b668', '666');
INSERT INTO `t_usr` VALUES (670, '0', '26c70669', '666');
INSERT INTO `t_usr` VALUES (671, '0', '80d92670', '666');
INSERT INTO `t_usr` VALUES (672, '0', '64a5d671', '666');
INSERT INTO `t_usr` VALUES (673, '0', 'a062e672', '666');
INSERT INTO `t_usr` VALUES (674, '0', 'e9ba7673', '666');
INSERT INTO `t_usr` VALUES (675, '0', '223c4674', '666');
INSERT INTO `t_usr` VALUES (676, '0', 'bebd9675', '666');
INSERT INTO `t_usr` VALUES (677, '0', 'f9a5d676', '666');
INSERT INTO `t_usr` VALUES (678, '0', 'dfe69677', '666');
INSERT INTO `t_usr` VALUES (679, '0', '768d3678', '666');
INSERT INTO `t_usr` VALUES (680, '0', '63193679', '666');
INSERT INTO `t_usr` VALUES (681, '0', 'e1af6680', '666');
INSERT INTO `t_usr` VALUES (682, '0', 'f31f1681', '666');
INSERT INTO `t_usr` VALUES (683, '0', 'dbf4d682', '666');
INSERT INTO `t_usr` VALUES (684, '0', 'f3b4c683', '666');
INSERT INTO `t_usr` VALUES (685, '0', '19e98684', '666');
INSERT INTO `t_usr` VALUES (686, '0', 'ee985685', '666');
INSERT INTO `t_usr` VALUES (687, '0', '51c89686', '666');
INSERT INTO `t_usr` VALUES (688, '0', '903ff687', '666');
INSERT INTO `t_usr` VALUES (689, '0', '727b9688', '666');
INSERT INTO `t_usr` VALUES (690, '0', '4c347689', '666');
INSERT INTO `t_usr` VALUES (691, '0', '0e9cd690', '666');
INSERT INTO `t_usr` VALUES (692, '0', 'd69b3691', '666');
INSERT INTO `t_usr` VALUES (693, '0', '83a65692', '666');
INSERT INTO `t_usr` VALUES (694, '0', '26da4693', '666');
INSERT INTO `t_usr` VALUES (695, '0', 'e7762694', '666');
INSERT INTO `t_usr` VALUES (696, '0', '2944a695', '666');
INSERT INTO `t_usr` VALUES (697, '0', '93b17696', '666');
INSERT INTO `t_usr` VALUES (698, '0', '3e52f697', '666');
INSERT INTO `t_usr` VALUES (699, '0', '2edb8698', '666');
INSERT INTO `t_usr` VALUES (700, '0', 'cf406699', '666');
INSERT INTO `t_usr` VALUES (701, '0', 'de70c700', '666');
INSERT INTO `t_usr` VALUES (702, '0', '4f761701', '666');
INSERT INTO `t_usr` VALUES (703, '0', '5252b702', '666');
INSERT INTO `t_usr` VALUES (704, '0', '9b014703', '666');
INSERT INTO `t_usr` VALUES (705, '0', 'c764b704', '666');
INSERT INTO `t_usr` VALUES (706, '0', '42f60705', '666');
INSERT INTO `t_usr` VALUES (707, '0', 'be144706', '666');
INSERT INTO `t_usr` VALUES (708, '0', '6be22707', '666');
INSERT INTO `t_usr` VALUES (709, '0', 'a739a708', '666');
INSERT INTO `t_usr` VALUES (710, '0', 'ba7f9709', '666');
INSERT INTO `t_usr` VALUES (711, '0', '1f0a4710', '666');
INSERT INTO `t_usr` VALUES (712, '0', 'f6714711', '666');
INSERT INTO `t_usr` VALUES (713, '0', '5d057712', '666');
INSERT INTO `t_usr` VALUES (714, '0', '27ba0713', '666');
INSERT INTO `t_usr` VALUES (715, '0', '6ea96714', '666');
INSERT INTO `t_usr` VALUES (716, '0', 'd149d715', '666');
INSERT INTO `t_usr` VALUES (717, '0', '36f0e716', '666');
INSERT INTO `t_usr` VALUES (718, '0', 'e526a717', '666');
INSERT INTO `t_usr` VALUES (719, '0', 'dc3a8718', '666');
INSERT INTO `t_usr` VALUES (720, '0', 'a0583719', '666');
INSERT INTO `t_usr` VALUES (721, '0', 'b677b720', '666');
INSERT INTO `t_usr` VALUES (722, '0', '9d55f721', '666');
INSERT INTO `t_usr` VALUES (723, '0', '2d824722', '666');
INSERT INTO `t_usr` VALUES (724, '0', '864d6723', '666');
INSERT INTO `t_usr` VALUES (725, '0', 'f4c7e724', '666');
INSERT INTO `t_usr` VALUES (726, '0', '3b049725', '666');
INSERT INTO `t_usr` VALUES (727, '0', 'aaf27726', '666');
INSERT INTO `t_usr` VALUES (728, '0', 'ffbca727', '666');
INSERT INTO `t_usr` VALUES (729, '0', '6bb15728', '666');
INSERT INTO `t_usr` VALUES (730, '0', 'c9ee2729', '666');
INSERT INTO `t_usr` VALUES (731, '0', '162fd730', '666');
INSERT INTO `t_usr` VALUES (732, '0', 'e9074731', '666');
INSERT INTO `t_usr` VALUES (733, '0', '6c0b0732', '666');
INSERT INTO `t_usr` VALUES (734, '0', '02173733', '666');
INSERT INTO `t_usr` VALUES (735, '0', '4e6af734', '666');
INSERT INTO `t_usr` VALUES (736, '0', '7117a735', '666');
INSERT INTO `t_usr` VALUES (737, '0', 'dfeed736', '666');
INSERT INTO `t_usr` VALUES (738, '0', '82c64737', '666');
INSERT INTO `t_usr` VALUES (739, '0', '8f805738', '666');
INSERT INTO `t_usr` VALUES (740, '0', '24b4d739', '666');
INSERT INTO `t_usr` VALUES (741, '0', 'a17a0740', '666');
INSERT INTO `t_usr` VALUES (742, '0', '0f4cb741', '666');
INSERT INTO `t_usr` VALUES (743, '0', 'da433742', '666');
INSERT INTO `t_usr` VALUES (744, '0', '0feb6743', '666');
INSERT INTO `t_usr` VALUES (745, '0', '22a82744', '666');
INSERT INTO `t_usr` VALUES (746, '0', '297af745', '666');
INSERT INTO `t_usr` VALUES (747, '0', 'ff8fc746', '666');
INSERT INTO `t_usr` VALUES (748, '0', '4241f747', '666');
INSERT INTO `t_usr` VALUES (749, '0', 'd3518748', '666');
INSERT INTO `t_usr` VALUES (750, '0', 'a8042749', '666');
INSERT INTO `t_usr` VALUES (751, '0', 'a6189750', '666');
INSERT INTO `t_usr` VALUES (752, '0', '59968751', '666');
INSERT INTO `t_usr` VALUES (753, '0', '92f60752', '666');
INSERT INTO `t_usr` VALUES (754, '0', '0cf23753', '666');
INSERT INTO `t_usr` VALUES (755, '0', '6eafb754', '666');
INSERT INTO `t_usr` VALUES (756, '0', '3049f755', '666');
INSERT INTO `t_usr` VALUES (757, '0', 'a4990756', '666');
INSERT INTO `t_usr` VALUES (758, '0', 'ff6bd757', '666');
INSERT INTO `t_usr` VALUES (759, '0', '035df758', '666');
INSERT INTO `t_usr` VALUES (760, '0', '91221759', '666');
INSERT INTO `t_usr` VALUES (761, '0', '0df23760', '666');
INSERT INTO `t_usr` VALUES (762, '0', '867e5761', '666');
INSERT INTO `t_usr` VALUES (763, '0', 'a7d23762', '666');
INSERT INTO `t_usr` VALUES (764, '0', '89a04763', '666');
INSERT INTO `t_usr` VALUES (765, '0', 'c9263764', '666');
INSERT INTO `t_usr` VALUES (766, '0', '42703765', '666');
INSERT INTO `t_usr` VALUES (767, '0', 'f84a3766', '666');
INSERT INTO `t_usr` VALUES (768, '0', '8be27767', '666');
INSERT INTO `t_usr` VALUES (769, '0', '06a19768', '666');
INSERT INTO `t_usr` VALUES (770, '0', 'fd1ff769', '666');
INSERT INTO `t_usr` VALUES (771, '0', 'a4187770', '666');
INSERT INTO `t_usr` VALUES (772, '0', 'b2ee2771', '666');
INSERT INTO `t_usr` VALUES (773, '0', '521bc772', '666');
INSERT INTO `t_usr` VALUES (774, '0', 'fd248773', '666');
INSERT INTO `t_usr` VALUES (775, '0', '60fd0774', '666');
INSERT INTO `t_usr` VALUES (776, '0', 'b949a775', '666');
INSERT INTO `t_usr` VALUES (777, '0', '8945d776', '666');
INSERT INTO `t_usr` VALUES (778, '0', '72aeb777', '666');
INSERT INTO `t_usr` VALUES (779, '0', '44352778', '666');
INSERT INTO `t_usr` VALUES (780, '0', 'fb363779', '666');
INSERT INTO `t_usr` VALUES (781, '0', '39c30780', '666');
INSERT INTO `t_usr` VALUES (782, '0', 'b605c781', '666');
INSERT INTO `t_usr` VALUES (783, '0', 'c8e23782', '666');
INSERT INTO `t_usr` VALUES (784, '0', '81709783', '666');
INSERT INTO `t_usr` VALUES (785, '0', '6faff784', '666');
INSERT INTO `t_usr` VALUES (786, '0', '01a00785', '666');
INSERT INTO `t_usr` VALUES (787, '0', '712be786', '666');
INSERT INTO `t_usr` VALUES (788, '0', '65684787', '666');
INSERT INTO `t_usr` VALUES (789, '0', '9783e788', '666');
INSERT INTO `t_usr` VALUES (790, '0', '48ebc789', '666');
INSERT INTO `t_usr` VALUES (791, '0', 'fd66c790', '666');
INSERT INTO `t_usr` VALUES (792, '0', 'b7111791', '666');
INSERT INTO `t_usr` VALUES (793, '0', 'ec9c3792', '666');
INSERT INTO `t_usr` VALUES (794, '0', '854ee793', '666');
INSERT INTO `t_usr` VALUES (795, '0', '853c4794', '666');
INSERT INTO `t_usr` VALUES (796, '0', '48794795', '666');
INSERT INTO `t_usr` VALUES (797, '0', '514f2796', '666');
INSERT INTO `t_usr` VALUES (798, '0', 'e908a797', '666');
INSERT INTO `t_usr` VALUES (799, '0', 'c5141798', '666');
INSERT INTO `t_usr` VALUES (800, '0', 'bd103799', '666');
INSERT INTO `t_usr` VALUES (801, '0', 'c8238800', '666');
INSERT INTO `t_usr` VALUES (802, '0', 'f8aa2801', '666');
INSERT INTO `t_usr` VALUES (803, '0', '28af6802', '666');
INSERT INTO `t_usr` VALUES (804, '0', '126a4803', '666');
INSERT INTO `t_usr` VALUES (805, '0', 'fae93804', '666');
INSERT INTO `t_usr` VALUES (806, '0', 'b8501805', '666');
INSERT INTO `t_usr` VALUES (807, '0', 'f590f806', '666');
INSERT INTO `t_usr` VALUES (808, '0', 'b328c807', '666');
INSERT INTO `t_usr` VALUES (809, '0', '9ac97808', '666');
INSERT INTO `t_usr` VALUES (810, '0', '30e4c809', '666');
INSERT INTO `t_usr` VALUES (811, '0', 'ed483810', '666');
INSERT INTO `t_usr` VALUES (812, '0', '5bcc8811', '666');
INSERT INTO `t_usr` VALUES (813, '0', '4b7da812', '666');
INSERT INTO `t_usr` VALUES (814, '0', 'c831b813', '666');
INSERT INTO `t_usr` VALUES (815, '0', '8e5a4814', '666');
INSERT INTO `t_usr` VALUES (816, '0', '69d58815', '666');
INSERT INTO `t_usr` VALUES (817, '0', 'be281816', '666');
INSERT INTO `t_usr` VALUES (818, '0', '0580f817', '666');
INSERT INTO `t_usr` VALUES (819, '0', 'ac663818', '666');
INSERT INTO `t_usr` VALUES (820, '0', '3fa82819', '666');
INSERT INTO `t_usr` VALUES (821, '0', 'a8e3a820', '666');
INSERT INTO `t_usr` VALUES (822, '0', '49977821', '666');
INSERT INTO `t_usr` VALUES (823, '0', '85429822', '666');
INSERT INTO `t_usr` VALUES (824, '0', 'f454b823', '666');
INSERT INTO `t_usr` VALUES (825, '0', 'a25f5824', '666');
INSERT INTO `t_usr` VALUES (826, '0', 'e71a6825', '666');
INSERT INTO `t_usr` VALUES (827, '0', '5e8a2826', '666');
INSERT INTO `t_usr` VALUES (828, '0', '36e6a827', '666');
INSERT INTO `t_usr` VALUES (829, '0', 'a88dc828', '666');
INSERT INTO `t_usr` VALUES (830, '0', '1739a829', '666');
INSERT INTO `t_usr` VALUES (831, '0', 'eb2f3830', '666');
INSERT INTO `t_usr` VALUES (832, '0', '6d18b831', '666');
INSERT INTO `t_usr` VALUES (833, '0', '40e44832', '666');
INSERT INTO `t_usr` VALUES (834, '0', 'e3435833', '666');
INSERT INTO `t_usr` VALUES (835, '0', 'd7dda834', '666');
INSERT INTO `t_usr` VALUES (836, '0', 'cba1d835', '666');
INSERT INTO `t_usr` VALUES (837, '0', 'bbf25836', '666');
INSERT INTO `t_usr` VALUES (838, '0', '16af0837', '666');
INSERT INTO `t_usr` VALUES (839, '0', '9a502838', '666');
INSERT INTO `t_usr` VALUES (840, '0', '13c5c839', '666');
INSERT INTO `t_usr` VALUES (841, '0', 'ec6d8840', '666');
INSERT INTO `t_usr` VALUES (842, '0', '562c2841', '666');
INSERT INTO `t_usr` VALUES (843, '0', 'b12aa842', '666');
INSERT INTO `t_usr` VALUES (844, '0', '6724b843', '666');
INSERT INTO `t_usr` VALUES (845, '0', '6ad6f844', '666');
INSERT INTO `t_usr` VALUES (846, '0', 'c11cb845', '666');
INSERT INTO `t_usr` VALUES (847, '0', 'e6a0c846', '666');
INSERT INTO `t_usr` VALUES (848, '0', 'cfd52847', '666');
INSERT INTO `t_usr` VALUES (849, '0', 'bb358848', '666');
INSERT INTO `t_usr` VALUES (850, '0', '217ab849', '666');
INSERT INTO `t_usr` VALUES (851, '0', '17b57850', '666');
INSERT INTO `t_usr` VALUES (852, '0', '1b94f851', '666');
INSERT INTO `t_usr` VALUES (853, '0', 'd4085852', '666');
INSERT INTO `t_usr` VALUES (854, '0', 'ea747853', '666');
INSERT INTO `t_usr` VALUES (855, '0', '5a656854', '666');
INSERT INTO `t_usr` VALUES (856, '0', '26e79855', '666');
INSERT INTO `t_usr` VALUES (857, '0', '00a12856', '666');
INSERT INTO `t_usr` VALUES (858, '0', '18c9a857', '666');
INSERT INTO `t_usr` VALUES (859, '0', '52b6f858', '666');
INSERT INTO `t_usr` VALUES (860, '0', '913bf859', '666');
INSERT INTO `t_usr` VALUES (861, '0', '92ca7860', '666');
INSERT INTO `t_usr` VALUES (862, '0', '20d9d861', '666');
INSERT INTO `t_usr` VALUES (863, '0', 'db0bd862', '666');
INSERT INTO `t_usr` VALUES (864, '0', '534b2863', '666');
INSERT INTO `t_usr` VALUES (865, '0', '38511864', '666');
INSERT INTO `t_usr` VALUES (866, '0', '4268a865', '666');
INSERT INTO `t_usr` VALUES (867, '0', '35919866', '666');
INSERT INTO `t_usr` VALUES (868, '0', '0192c867', '666');
INSERT INTO `t_usr` VALUES (869, '0', '58b04868', '666');
INSERT INTO `t_usr` VALUES (870, '0', '37159869', '666');
INSERT INTO `t_usr` VALUES (871, '0', '4b9bf870', '666');
INSERT INTO `t_usr` VALUES (872, '0', 'a00e4871', '666');
INSERT INTO `t_usr` VALUES (873, '0', '29286872', '666');
INSERT INTO `t_usr` VALUES (874, '0', 'ef3e7873', '666');
INSERT INTO `t_usr` VALUES (875, '0', '4ee16874', '666');
INSERT INTO `t_usr` VALUES (876, '0', '99260875', '666');
INSERT INTO `t_usr` VALUES (877, '0', '06fc1876', '666');
INSERT INTO `t_usr` VALUES (878, '0', '3b23b877', '666');
INSERT INTO `t_usr` VALUES (879, '0', '7700a878', '666');
INSERT INTO `t_usr` VALUES (880, '0', '414da879', '666');
INSERT INTO `t_usr` VALUES (881, '0', '1ddf8880', '666');
INSERT INTO `t_usr` VALUES (882, '0', '4d7db881', '666');
INSERT INTO `t_usr` VALUES (883, '0', '93e80882', '666');
INSERT INTO `t_usr` VALUES (884, '0', '984c5883', '666');
INSERT INTO `t_usr` VALUES (885, '0', '92ac2884', '666');
INSERT INTO `t_usr` VALUES (886, '0', '8c853885', '666');
INSERT INTO `t_usr` VALUES (887, '0', 'adfd2886', '666');
INSERT INTO `t_usr` VALUES (888, '0', '7827a887', '666');
INSERT INTO `t_usr` VALUES (889, '0', '7ad7d888', '666');
INSERT INTO `t_usr` VALUES (890, '0', '2d89e889', '666');
INSERT INTO `t_usr` VALUES (891, '0', '84989890', '666');
INSERT INTO `t_usr` VALUES (892, '0', '0ea22891', '666');
INSERT INTO `t_usr` VALUES (893, '0', '1d98f892', '666');
INSERT INTO `t_usr` VALUES (894, '0', 'f766b893', '666');
INSERT INTO `t_usr` VALUES (895, '0', 'c5385894', '666');
INSERT INTO `t_usr` VALUES (896, '0', 'c22cb895', '666');
INSERT INTO `t_usr` VALUES (897, '0', 'c8326896', '666');
INSERT INTO `t_usr` VALUES (898, '0', 'b48e8897', '666');
INSERT INTO `t_usr` VALUES (899, '0', 'b71b6898', '666');
INSERT INTO `t_usr` VALUES (900, '0', 'ea767899', '666');
INSERT INTO `t_usr` VALUES (901, '0', '1e493900', '666');
INSERT INTO `t_usr` VALUES (902, '0', 'c6452901', '666');
INSERT INTO `t_usr` VALUES (903, '0', '023e6902', '666');
INSERT INTO `t_usr` VALUES (904, '0', '1c4c0903', '666');
INSERT INTO `t_usr` VALUES (905, '0', '92083904', '666');
INSERT INTO `t_usr` VALUES (906, '0', '5fb45905', '666');
INSERT INTO `t_usr` VALUES (907, '0', '79d7a906', '666');
INSERT INTO `t_usr` VALUES (908, '0', 'eee6c907', '666');
INSERT INTO `t_usr` VALUES (909, '0', '0e532908', '666');
INSERT INTO `t_usr` VALUES (910, '0', '0d21a909', '666');
INSERT INTO `t_usr` VALUES (911, '0', '2f6de910', '666');
INSERT INTO `t_usr` VALUES (912, '0', '2153d911', '666');
INSERT INTO `t_usr` VALUES (913, '0', '64f5c912', '666');
INSERT INTO `t_usr` VALUES (914, '0', '68495913', '666');
INSERT INTO `t_usr` VALUES (915, '0', '12f35914', '666');
INSERT INTO `t_usr` VALUES (916, '0', '589fb915', '666');
INSERT INTO `t_usr` VALUES (917, '0', 'c0e6d916', '666');
INSERT INTO `t_usr` VALUES (918, '0', 'be076917', '666');
INSERT INTO `t_usr` VALUES (919, '0', 'a9d19918', '666');
INSERT INTO `t_usr` VALUES (920, '0', 'e22f7919', '666');
INSERT INTO `t_usr` VALUES (921, '0', 'b420c920', '666');
INSERT INTO `t_usr` VALUES (922, '0', '5b3f0921', '666');
INSERT INTO `t_usr` VALUES (923, '0', '2b758922', '666');
INSERT INTO `t_usr` VALUES (924, '0', '22890923', '666');
INSERT INTO `t_usr` VALUES (925, '0', '9769e924', '666');
INSERT INTO `t_usr` VALUES (926, '0', 'e1a76925', '666');
INSERT INTO `t_usr` VALUES (927, '0', '78c04926', '666');
INSERT INTO `t_usr` VALUES (928, '0', '39f2d927', '666');
INSERT INTO `t_usr` VALUES (929, '0', '4bcf0928', '666');
INSERT INTO `t_usr` VALUES (930, '0', '16f36929', '666');
INSERT INTO `t_usr` VALUES (931, '0', '2aaa4930', '666');
INSERT INTO `t_usr` VALUES (932, '0', 'b8b14931', '666');
INSERT INTO `t_usr` VALUES (933, '0', 'f1544932', '666');
INSERT INTO `t_usr` VALUES (934, '0', 'a5d9b933', '666');
INSERT INTO `t_usr` VALUES (935, '0', 'f17f7934', '666');
INSERT INTO `t_usr` VALUES (936, '0', '72aa6935', '666');
INSERT INTO `t_usr` VALUES (937, '0', '3f732936', '666');
INSERT INTO `t_usr` VALUES (938, '0', 'f3984937', '666');
INSERT INTO `t_usr` VALUES (939, '0', '3c750938', '666');
INSERT INTO `t_usr` VALUES (940, '0', '4a988939', '666');
INSERT INTO `t_usr` VALUES (941, '0', 'cfb77940', '666');
INSERT INTO `t_usr` VALUES (942, '0', '0d4b6941', '666');
INSERT INTO `t_usr` VALUES (943, '0', '68939942', '666');
INSERT INTO `t_usr` VALUES (944, '0', '795d6943', '666');
INSERT INTO `t_usr` VALUES (945, '0', 'f7bbc944', '666');
INSERT INTO `t_usr` VALUES (946, '0', 'd24c2945', '666');
INSERT INTO `t_usr` VALUES (947, '0', '1c319946', '666');
INSERT INTO `t_usr` VALUES (948, '0', 'e8b14947', '666');
INSERT INTO `t_usr` VALUES (949, '0', '94819948', '666');
INSERT INTO `t_usr` VALUES (950, '0', '66834949', '666');
INSERT INTO `t_usr` VALUES (951, '0', 'fc8ac950', '666');
INSERT INTO `t_usr` VALUES (952, '0', 'b8261951', '666');
INSERT INTO `t_usr` VALUES (953, '0', '3a78e952', '666');
INSERT INTO `t_usr` VALUES (954, '0', '82ce2953', '666');
INSERT INTO `t_usr` VALUES (955, '0', '1e9c3954', '666');
INSERT INTO `t_usr` VALUES (956, '0', 'caf28955', '666');
INSERT INTO `t_usr` VALUES (957, '0', 'ad7df956', '666');
INSERT INTO `t_usr` VALUES (958, '0', '2c7e4957', '666');
INSERT INTO `t_usr` VALUES (959, '0', '5445f958', '666');
INSERT INTO `t_usr` VALUES (960, '0', '84cd1959', '666');
INSERT INTO `t_usr` VALUES (961, '0', 'f6421960', '666');
INSERT INTO `t_usr` VALUES (962, '0', '8385c961', '666');
INSERT INTO `t_usr` VALUES (963, '0', '6f168962', '666');
INSERT INTO `t_usr` VALUES (964, '0', '364f3963', '666');
INSERT INTO `t_usr` VALUES (965, '0', '6930b964', '666');
INSERT INTO `t_usr` VALUES (966, '0', 'aef51965', '666');
INSERT INTO `t_usr` VALUES (967, '0', 'afed5966', '666');
INSERT INTO `t_usr` VALUES (968, '0', '63324967', '666');
INSERT INTO `t_usr` VALUES (969, '0', '3fbf5968', '666');
INSERT INTO `t_usr` VALUES (970, '0', 'cf93e969', '666');
INSERT INTO `t_usr` VALUES (971, '0', '8be14970', '666');
INSERT INTO `t_usr` VALUES (972, '0', '24aad971', '666');
INSERT INTO `t_usr` VALUES (973, '0', '9315a972', '666');
INSERT INTO `t_usr` VALUES (974, '0', '4df74973', '666');
INSERT INTO `t_usr` VALUES (975, '0', '011b6974', '666');
INSERT INTO `t_usr` VALUES (976, '0', '433e7975', '666');
INSERT INTO `t_usr` VALUES (977, '0', 'bea73976', '666');
INSERT INTO `t_usr` VALUES (978, '0', '27334977', '666');
INSERT INTO `t_usr` VALUES (979, '0', '05860978', '666');
INSERT INTO `t_usr` VALUES (980, '0', 'e0080979', '666');
INSERT INTO `t_usr` VALUES (981, '0', 'cf688980', '666');
INSERT INTO `t_usr` VALUES (982, '0', 'd9fcb981', '666');
INSERT INTO `t_usr` VALUES (983, '0', '670cf982', '666');
INSERT INTO `t_usr` VALUES (984, '0', 'f9429983', '666');
INSERT INTO `t_usr` VALUES (985, '0', '26bb0984', '666');
INSERT INTO `t_usr` VALUES (986, '0', 'f2ba6985', '666');
INSERT INTO `t_usr` VALUES (987, '0', '771da986', '666');
INSERT INTO `t_usr` VALUES (988, '0', 'b9398987', '666');
INSERT INTO `t_usr` VALUES (989, '0', 'c1eb2988', '666');
INSERT INTO `t_usr` VALUES (990, '0', 'ce80e989', '666');
INSERT INTO `t_usr` VALUES (991, '0', '2fe2f990', '666');
INSERT INTO `t_usr` VALUES (992, '0', 'a31ab991', '666');
INSERT INTO `t_usr` VALUES (993, '0', 'f4bc9992', '666');
INSERT INTO `t_usr` VALUES (994, '0', 'a72cd993', '666');
INSERT INTO `t_usr` VALUES (995, '0', '188d5994', '666');
INSERT INTO `t_usr` VALUES (996, '0', '5a6d7995', '666');
INSERT INTO `t_usr` VALUES (997, '0', '69637996', '666');
INSERT INTO `t_usr` VALUES (998, '0', '84823997', '666');
INSERT INTO `t_usr` VALUES (999, '0', '7085a998', '666');
INSERT INTO `t_usr` VALUES (1000, '0', '76766999', '666');
INSERT INTO `t_usr` VALUES (1001, '1', 'c47ba0', '666');
INSERT INTO `t_usr` VALUES (1002, '1', '69db51', '666');
INSERT INTO `t_usr` VALUES (1003, '1', '689792', '666');
INSERT INTO `t_usr` VALUES (1004, '1', 'e8b7f3', '666');
INSERT INTO `t_usr` VALUES (1005, '1', '8425e4', '666');
INSERT INTO `t_usr` VALUES (1013, '0', 'ssdada', '666');
INSERT INTO `t_usr` VALUES (1014, '1', '曾强', '666');

SET FOREIGN_KEY_CHECKS = 1;
